,Rk,Player,Tm,Age,Pos,G,GS,Tgt,Rec,Ctch%,Yds,Y/R,TD,Lng,Y/Tgt,R/G,Y/G,Fmb,Player_ID
0,1,Larry Fitzgerald,ARI,33,WR,16,16,150,107,0.713,1023,9.6,6,33,6.8,6.7,63.9,2,6f83e45ecddc6cda502a16ee287430e7ed302377
1,2,Antonio Brown,PIT,28,WR,15,15,154,106,0.688,1284,12.1,12,51,8.3,7.1,85.6,0,23588c39a1e874b1700e400020190f528694c0a0
2,3,Odell Beckham,NYG,24,WR,16,16,169,101,0.598,1367,13.5,10,75,8.1,6.3,85.4,3,563b57d50be2c840952c3211d8052aadd054e303
3,4,Julian Edelman,NWE,30,WR,16,13,159,98,0.616,1106,11.3,3,77,7.0,6.1,69.1,3,db8f6a510a45575b9c235f9208718d1f4016e3ae
4,5,Jordy Nelson,GNB,31,WR,16,16,152,97,0.638,1257,13.0,14,60,8.3,6.1,78.6,1,b474be9feeb455a5249211698687b033cbb8cc03
5,6,Mike Evans,TAM,23,WR,16,16,173,96,0.555,1321,13.8,12,45,7.6,6.0,82.6,0,102b3f62b1958caadef42889ffb6c360c9cd87e5
6,7,Doug Baldwin,SEA,28,WR,16,15,125,94,0.752,1128,12.0,7,59,9.0,5.9,70.5,1,8ac586c77d8374db1d863ddf6ac7273be7999932
7,8,Jarvis Landry,MIA,24,WR,16,16,131,94,0.718,1136,12.1,4,71,8.7,5.9,71.0,2,40a3b7b6b0e05ea17a2f057c324c03f52ea85207
8,9,Michael Thomas,NOR,23,WR,15,12,121,92,0.76,1137,12.4,9,46,9.4,6.1,75.8,2,027c5df7975f04840dfbb1d6f479df2eb27f3633
9,10,TY Hilton,IND,27,WR,16,16,155,91,0.587,1448,15.9,6,63,9.3,5.7,90.5,0,39bfebdae382a11d86b13fc3c4526297084d951d
10,11,Golden Tate,DET,28,WR,16,16,135,91,0.674,1077,11.8,4,67,8.0,5.7,67.3,2,4be9e9ef46089a07b3f2ad293bb6c8ef1d520f7a
11,12,Demaryius Thomas,DEN,29,WR,16,16,144,90,0.625,1083,12.0,5,55,7.5,5.6,67.7,2,d8d2a293ffc8ae8ab13721aceb88ef844a414a12
12,13,Michael Crabtree,OAK,29,WR,16,16,145,89,0.614,1003,11.3,8,56,6.9,5.6,62.7,2,55a48ebd812c6d300f08e6d65efca0d8791f938f
13,14,Dennis Pitta,BAL,31,TE,16,12,121,86,0.711,729,8.5,2,30,6.0,5.4,45.6,1,e71f5d8b2ad42327e526b02414a6ae7dab556c71
14,15,Travis Kelce,KAN,27,TE,16,15,117,85,0.726,1125,13.2,4,80,9.6,5.3,70.3,0,e7af17376320b84d6644a822b060439f520ed108
15,16,Stefon Diggs,MIN,23,WR,13,11,112,84,0.75,903,10.8,3,46,8.1,6.5,69.5,0,065caff1237082ab9f9f645b97dd731305a22920
16,17,Amari Cooper,OAK,22,WR,16,14,132,83,0.629,1153,13.9,5,64,8.7,5.2,72.1,2,5a28f0b6b33c17ce3d4c8eddef782d022c31bec0
17,18,Julio Jones,ATL,27,WR,14,14,129,83,0.643,1409,17.0,6,75,10.9,5.9,100.6,0,7a15b435a9c9c66413e9205a38ced3a758d410fd
18,19,Kyle Rudolph,MIN,27,TE,16,16,132,83,0.629,840,10.1,7,44,6.4,5.2,52.5,0,82dfd22cf145d529fa41d5023242c25658a5b3c3
19,20,David Johnson,ARI,25,RB,16,16,120,80,0.667,879,11.0,4,58,7.3,5.0,54.9,5,9b99be7e102e1f0bd5abdbcc94ed3381240d80f1
20,21,Greg Olsen,CAR,31,TE,16,16,129,80,0.62,1073,13.4,3,78,8.3,5.0,67.1,0,98685afeb38e18cc910989d4d50c8bc9d96169f5
21,22,Pierre Garcon,WAS,30,WR,16,16,114,79,0.693,1041,13.2,3,70,9.1,4.9,65.1,0,5093d525b98b7c78ab164662ac90e56fe760dcb4
22,23,Emmanuel Sanders,DEN,29,WR,16,16,137,79,0.577,1032,13.1,5,64,7.5,4.9,64.5,1,8b7a08715c672e5fac959121d32fbca41238b1b6
23,24,Brandin Cooks,NOR,23,WR,16,12,117,78,0.667,1173,15.0,8,98,10.0,4.9,73.3,1,0ba7d216d807159ba82f809f9855ba8a9e4b014a
24,25,Zach Ertz,PHI,26,TE,14,12,106,78,0.736,816,10.5,4,30,7.7,5.6,58.3,0,bda282cb68457d56a6b99afba8188e3a22aaf346
25,26,DeAndre Hopkins,HOU,24,WR,16,16,151,78,0.517,954,12.2,4,51,6.3,4.9,59.6,0,3c20c7d6f5b7bcfa13826967a954b6adb1983e9d
26,27,Terrelle Pryor,CLE,27,WR,16,15,140,77,0.55,1007,13.1,4,54,7.2,4.8,62.9,1,cd1a82bfd7811dd5be34b047ea3839bfbea0a49b
27,28,Davante Adams,GNB,24,WR,16,15,121,75,0.62,997,13.3,12,66,8.2,4.7,62.3,2,ea877263db555c4b0a8a19bddab2dc726068f924
28,29,Cole Beasley,DAL,27,fb/wr,16,6,98,75,0.765,833,11.1,5,47,8.5,4.7,52.1,0,128b99aa1e1b18f2ee4779b5af92588c65602dd5
29,30,LeVeon Bell,PIT,24,RB,12,12,94,75,0.798,616,8.2,2,32,6.6,6.3,51.3,4,13e59bf6172578f2b30fb2c721b965ee487f11b3
30,31,Jordan Matthews,PHI,24,WR,14,13,117,73,0.624,804,11.0,3,54,6.9,5.2,57.4,1,e5b7582a59434cbe541ebce364256c62c4aae8aa
31,32,Allen Robinson,JAX,23,WR,16,16,151,73,0.483,883,12.1,6,42,5.8,4.6,55.2,1,eedb21a1f3f9b55945212b1c11cf1cd52a73546c
32,33,Willie Snead,NOR,24,wr,15,4,104,72,0.692,895,12.4,4,49,8.6,4.8,59.7,2,e542d033fb99f6a7d7638f0c81049d47f83b6740
33,34,Mike Wallace,BAL,30,WR,16,16,116,72,0.621,1017,14.1,4,95,8.8,4.5,63.6,1,2b80090c710d5c4645d9a2567ffc0a551c5c776b
34,35,Steve Smith,BAL,37,WR,14,14,101,70,0.693,799,11.4,5,52,7.9,5.0,57.1,0,e9495de01b4931ea1d25655b9fb236498a4f087a
35,36,Adam Thielen,MIN,26,WR,16,10,92,69,0.75,967,14.0,5,71,10.5,4.3,60.4,2,a58676cbbdc85b93b5000c1055757b3140ac75ca
36,37,Tyrell Williams,SDG,24,WR,16,12,119,69,0.58,1059,15.3,7,51,8.9,4.3,66.2,0,1a57f12598d5b75c9365eaf4aa0b939327d093aa
37,38,Jason Witten,DAL,34,TE,16,16,95,69,0.726,673,9.8,3,35,7.1,4.3,42.1,1,44d724300ae7144df3c97aeb85ab5256555a15a3
38,39,Kenny Britt,LAR,28,WR,15,15,111,68,0.613,1002,14.7,5,66,9.0,4.5,66.8,2,8f4f14928b3836c10965f3a10fd4afa6907e7d5f
39,40,Anquan Boldin,DET,36,WR,16,16,95,67,0.705,584,8.7,8,35,6.1,4.2,36.5,0,6351750025b1cf8ebf56f1e89e9b0225f28ad117
40,41,Jamison Crowder,WAS,23,WR,16,9,99,67,0.677,847,12.6,7,55,8.6,4.2,52.9,2,70aefa1db654bdacc819a528b7106db90cd8e04b
41,42,AJ Green,CIN,28,WR,10,10,100,66,0.66,964,14.6,4,54,9.6,6.6,96.4,0,c37d15430f7b449b8edb580bdb60772cddf18526
42,43,Cameron Meredith,CHI,24,WR,14,10,97,66,0.68,888,13.5,4,50,9.2,4.7,63.4,3,58bcd3183d0f36992da4e2532113ecce9907ee3d
43,44,Jordan Reed,WAS,26,TE,12,8,89,66,0.742,686,10.4,6,33,7.7,5.5,57.2,1,836fa266392f61138de1da792e1a60ebd497ce72
44,45,Jimmy Graham,SEA,30,TE,16,15,95,65,0.684,923,14.2,6,42,9.7,4.1,57.7,2,f1c0dffdf4e39d29b2eb200d0a9cdcda55abb2dd
45,46,Rishard Matthews,TEN,27,WR,16,10,108,65,0.602,945,14.5,9,60,8.8,4.1,59.1,1,2e92e893399f29f8f3b168d1ff8a1aa8954ffbe4
46,47,Sterling Shepard,NYG,23,WR,16,16,105,65,0.619,683,10.5,8,32,6.5,4.1,42.7,0,034940bb974dd152b72fbfcc227230f76ba7c8e8
47,48,Delanie Walker,TEN,32,TE,15,10,102,65,0.637,800,12.3,7,47,7.8,4.3,53.3,1,7346c1e3b4bd4b9ca48a47618f78653212cdefe4
48,49,Jeremy Kerley,SFO,28,WR,16,13,115,64,0.557,667,10.4,3,33,5.8,4.0,41.7,4,2d0c080e1e6d5cb9dab337be8b8d79aa8b244911
49,50,Brandon LaFell,CIN,30,WR,16,14,107,64,0.598,862,13.5,6,86,8.1,4.0,53.9,0,8c31d9bc9c1f499dd3e003dc819dc6fd14b3d4a0
50,51,Kelvin Benjamin,CAR,25,WR,16,13,118,63,0.534,941,14.9,7,50,8.0,3.9,58.8,1,2421124e89187bd34f12eab24bed4ed71037d25d
51,52,Marqise Lee,JAX,25,wr,16,6,105,63,0.6,851,13.5,3,51,8.1,3.9,53.2,1,1d5bbb6745d0a1a335a3dd4bf184a4af4a256074
52,53,Eric Ebron,DET,23,TE,13,13,85,61,0.718,711,11.7,1,61,8.4,4.7,54.7,0,4e509f837d96761e9d6e276d78c10bedd4e192c7
53,54,Tyreek Hill,KAN,22,wr,16,1,83,61,0.735,593,9.7,6,49,7.1,3.8,37.1,4,84c54a757284199b876dcdb9d80697a0b4d19496
54,55,Randall Cobb,GNB,26,WR,13,10,84,60,0.714,610,10.2,4,47,7.3,4.6,46.9,1,61507762621c72ced1fa3dad2c19eab19c528105
55,56,James White,NWE,24,rb,16,4,86,60,0.698,551,9.2,5,61,6.4,3.8,34.4,0,07b02308cb6f46ee59bcab78cbc073b6c5db4294
56,57,Jack Doyle,IND,26,TE,16,14,75,59,0.787,584,9.9,5,24,7.8,3.7,36.5,1,f8f167765cf6fe9313c623e620698febdba5b200
57,58,Brandon Marshall,NYJ,32,WR,15,15,128,59,0.461,788,13.4,3,41,6.2,3.9,52.5,0,1880d1e84159fc9638af41bbe87a0e82557c9ae8
58,59,Mohamed Sanu,ATL,27,WR,15,15,81,59,0.728,653,11.1,4,59,8.1,3.9,43.5,1,26a60fa3fc131a10a0e244f8870d8adc91eccb0e
59,60,Tavon Austin,LAR,26,WR,15,15,106,58,0.547,509,8.8,3,43,4.8,3.9,33.9,5,64a6f7852ca90b6df5ce28e2500c6fdacc2b6365
60,61,Quincy Enunwa,NYJ,24,WR,16,13,105,58,0.552,857,14.8,4,69,8.2,3.6,53.6,0,c70d4f46593857e287dd335e9ee40b228aa0e557
61,62,Dontrelle Inman,SDG,27,WR,16,16,97,58,0.598,810,14.0,4,57,8.4,3.6,50.6,0,0ee8e5a00635e3c28207ba71e2a54a8833bbb76d
62,63,Bilal Powell,NYJ,28,rb/wr,16,4,74,58,0.784,388,6.7,2,22,5.2,3.6,24.3,1,3abc8fe27bd59d1191af9fbb7fb4e7afd7d681d7
63,64,Cameron Brate,TAM,25,TE,15,10,81,57,0.704,660,11.6,8,38,8.1,3.8,44.0,1,acbb55cc8b60e1bf9d2935c06093c0a3eb88d6f4
64,65,Charles Clay,BUF,27,TE,15,15,87,57,0.655,552,9.7,4,40,6.3,3.8,36.8,0,562f18374affec26b68f391cfe12792c50167fc8
65,66,DeSean Jackson,WAS,30,WR,15,15,100,56,0.56,1005,17.9,4,80,10.1,3.7,67.0,0,17d86327236460cea5cfadba1a49c7a13975b6d0
66,67,DeVante Parker,MIA,23,WR,15,8,87,56,0.644,744,13.3,4,56,8.6,3.7,49.6,0,56f9018aa76f378755bc03ef30d4f3338cbb1b6f
67,68,Gary Barnidge,CLE,31,TE,16,16,82,55,0.671,612,11.1,2,43,7.5,3.4,38.3,0,c585e27746d0fcc620573f5ddbcfdca6cb03d5cb
68,69,Martellus Bennett,NWE,29,TE,16,12,73,55,0.753,701,12.7,7,58,9.6,3.4,43.8,0,6ff2617a3bf54bb41a440392c0d219e3b4100b76
69,70,Adam Humphries,TAM,23,wr,15,4,83,55,0.663,622,11.3,2,42,7.5,3.7,41.5,3,388e04921e1236be07119fc43838b65f24bd8459
70,71,Marvin Jones,DET,26,WR,15,15,103,55,0.534,930,16.9,4,73,9.0,3.7,62.0,0,dd62a7a87593ebbcfd83956c2a42477ee39ef746
71,72,Tyler Boyd,CIN,22,wr,16,2,81,54,0.667,603,11.2,1,30,7.4,3.4,37.7,1,462eb8e063f3cc5b432f68e978bdf4cbda30f297
72,73,CJ Fiedorowicz,HOU,25,TE,15,15,89,54,0.607,559,10.4,4,26,6.3,3.6,37.3,1,efda2185e55a589fe92632c3ca3948896950baf5
73,74,Devonta Freeman,ATL,24,RB,16,16,65,54,0.831,462,8.6,2,35,7.1,3.4,28.9,1,20b6808cc45741af757a012211aa81cf5a2b13da
74,75,Ted Ginn,CAR,31,WR,16,8,95,54,0.568,752,13.9,4,88,7.9,3.4,47.0,3,1378781ba204137ebe99e6d9655728e2d3db7286
75,76,Antonio Gates,SDG,36,TE,14,9,93,53,0.57,548,10.3,7,27,5.9,3.8,39.1,1,29b27dcf1858608818bf34c26a7397f6e1c9020d
76,77,Duke Johnson,CLE,23,rb,16,1,74,53,0.716,514,9.7,0,32,6.9,3.3,32.1,2,809ff7def7754065d6924edf11ad3ac54824aa8d
77,78,DeMarco Murray,TEN,28,RB,16,16,67,53,0.791,377,7.1,3,35,5.6,3.3,23.6,3,23a90b4a2362b972205fec5aba203418fade88cf
78,79,Theo Riddick,DET,25,RB,10,8,67,53,0.791,371,7.0,5,23,5.5,5.3,37.1,0,3f5ab665950efc02931da70774f371900d4f90bd
79,80,Alshon Jeffery,CHI,26,WR,12,12,94,52,0.553,821,15.8,2,54,8.7,4.3,68.4,0,c0b0e3dc5b8f0ceb7b6313d3d4216d3511de9615
80,81,Cordarrelle Patterson,MIN,25,WR,16,8,70,52,0.743,453,8.7,2,39,6.5,3.3,28.3,2,e4a2493b309b936f4e8687ce430a656efa79b61b
81,82,Darren Sproles,PHI,33,rb,15,5,71,52,0.732,427,8.2,2,73,6.0,3.5,28.5,1,1d76b4ca9137df7a55ff0da1e1d1b1cb8344b66f
82,83,Robert Woods,BUF,24,WR,13,10,76,51,0.671,613,12.0,1,34,8.1,3.9,47.2,0,7cbb9a8fdab332cb4eb41da4f930387a2a77ed46
83,84,Dez Bryant,DAL,28,WR,13,13,96,50,0.521,796,15.9,8,56,8.3,3.8,61.2,1,9b2182551e212b8b4865fffe99adbe1c3c438851
84,85,Coby Fleener,NOR,28,TE,16,8,81,50,0.617,631,12.6,3,50,7.8,3.1,39.4,2,74361819bc32975bf3be14b74c2b0574e8dc504f
85,86,Ryan Griffin,HOU,26,te,16,5,74,50,0.676,442,8.8,2,45,6.0,3.1,27.6,1,c8b5009afa9b51f588db9b9b2adc5cee24e50fc4
86,87,Lance Kendricks,LAR,28,TE,16,16,87,50,0.575,499,10.0,2,44,5.7,3.1,31.2,1,0182cd6f30045a386df58158b0a8f38a2958eb0f
87,88,LeSean McCoy,BUF,28,RB,15,15,57,50,0.877,356,7.1,1,41,6.2,3.3,23.7,3,554fae312e41fad82ae400122382660b2fac247f
88,89,TJ Yeldon,JAX,23,RB,15,13,68,50,0.735,312,6.2,1,17,4.6,3.3,20.8,2,e7e6ded1acdedd436ce5df6208fba64411a8cc0b
89,90,Chris Thompson,WAS,26,,16,0,62,49,0.79,349,7.1,2,38,5.6,3.1,21.8,2,8cd38ae44873387224d73ce252daa09465ee0012
90,91,Eli Rogers,PIT,24,wr,13,8,66,48,0.727,594,12.4,3,39,9.0,3.7,45.7,2,bc013f2e2da49b5f8645348382cbcea60ca60aac
91,92,Will Tye,NYG,25,TE,16,10,70,48,0.686,395,8.2,1,27,5.6,3.0,24.7,0,988b2111f45d511237273f64bc264c5a2703f6aa
92,93,Travis Benjamin,SDG,27,WR,14,8,75,47,0.627,677,14.4,4,54,9.0,3.4,48.4,5,c99cb2cfec356bf81a1a1157311a24fe281f0d5b
93,94,Will Fuller,HOU,22,WR,14,13,92,47,0.511,635,13.5,2,53,6.9,3.4,45.4,2,3c3859b896ae94fcd1dbb12712d66c75aaf96eaa
94,95,Zach Miller,CHI,32,TE,10,8,64,47,0.734,486,10.3,4,34,7.6,4.7,48.6,0,17187c6d872764b0acbe5e03c57d99f9285b3958
95,96,Mark Ingram,NOR,27,RB,16,14,58,46,0.793,319,6.9,4,22,5.5,2.9,19.9,2,e1f90b10a80ece8028c737370da614b7d494f658
96,97,Chris Conley,KAN,24,WR,16,11,69,44,0.638,530,12.0,0,39,7.7,2.8,33.1,1,fc828eab7d381a3c98224752d15731189e90a132
97,98,Vernon Davis,WAS,32,TE/wr,16,14,59,44,0.746,583,13.3,2,44,9.9,2.8,36.4,0,c9b40fbab654ddfea46137760bdb43ba3e8bc3c2
98,99,Jeremy Maclin,KAN,28,WR,12,12,76,44,0.579,536,12.2,2,44,7.1,3.7,44.7,0,1256cebb47751c46f8cd92d2af72028202e1ce7d
99,100,Ty Montgomery,GNB,23,rb,15,6,56,44,0.786,348,7.9,0,24,6.2,2.9,23.2,2,57a1474c122a3c3bf67360b67758c62419280354
100,101,Terrance Williams,DAL,27,WR,16,15,61,44,0.721,594,13.5,4,47,9.7,2.8,37.1,1,b1af72c4a4eb9e8b25b677a80b63d8b2ea2fd29e
101,102,Todd Gurley,LAR,22,RB,16,16,58,43,0.741,327,7.6,0,33,5.6,2.7,20.4,2,a6195492c963f64337a6acb553b2b8ca0d76e8fc
102,103,Jerick McKinnon,MIN,24,rb,15,7,53,43,0.811,255,5.9,2,41,4.8,2.9,17.0,0,d715bf37bd5b25e953394132d5f90a5d6a36ede0
103,104,Robby Anderson,NYJ,23,wr,16,8,78,42,0.538,587,14.0,2,52,7.5,2.6,36.7,1,7ec391efab1c4e37ff8081afa6254fb1e4bedba7
104,105,Kenny Stills,MIA,24,WR,16,16,81,42,0.519,726,17.3,9,74,9.0,2.6,45.4,0,c843f841453f35870ca249de8b3971867422a54f
105,106,Melvin Gordon,SDG,23,RB,13,11,57,41,0.719,419,10.2,2,35,7.4,3.2,32.2,2,4769476172255c7fbb2f394fcbfba30f60d1d524
106,107,Jermaine Kearse,SEA,26,WR,16,15,89,41,0.461,510,12.4,1,36,5.7,2.6,31.9,0,aa28c7bad173042f72d2884a773fd7dcabf7b544
107,108,Tyler Lockett,SEA,24,WR,15,9,66,41,0.621,597,14.6,1,57,9.0,2.7,39.8,0,16534bc74b6934004f623d3951404109e9190400
108,109,Brian Quick,LAR,27,wr,16,8,77,41,0.532,564,13.8,3,65,7.3,2.6,35.3,0,22c3d557647817ca6ab574c26eb03066bd05c61a
109,110,Tajae Sharpe,TEN,22,WR,16,10,83,41,0.494,522,12.7,2,34,6.3,2.6,32.6,0,03536b6f17c9211df6c94fb29213484d55422f2b
110,111,Travaris Cadet,NOR,27,rb,15,1,54,40,0.741,281,7.0,4,25,5.2,2.7,18.7,0,07e3c3e8eafb3cf33f7caad70a26bbe62b156728
111,112,Isaiah Crowell,CLE,23,RB,16,16,53,40,0.755,319,8.0,0,44,6.0,2.5,19.9,2,cf2c8672a3800025743ae2434de47ba1500a152b
112,113,Giovani Bernard,CIN,25,rb,10,2,51,39,0.765,336,8.6,1,32,6.6,3.9,33.6,1,d466f5fef6bdc7b34b97d9b806e740cb554b46e5
113,114,John Brown,ARI,26,wr,15,6,73,39,0.534,517,13.3,2,30,7.1,2.6,34.5,1,7d89f99218437b96942bf2e858babdfa1ce935d7
114,115,Victor Cruz,NYG,30,WR,15,12,72,39,0.542,586,15.0,1,48,8.1,2.6,39.1,1,3dc51e88f1d91112645e68c6518610fcee82aaff
115,116,Jesse James,PIT,22,TE,16,13,60,39,0.65,338,8.7,3,24,5.6,2.4,21.1,0,c173bfe7043e79236e9db13295a290dd0555e4c5
116,117,Frank Gore,IND,33,RB,16,16,47,38,0.809,277,7.3,4,49,5.9,2.4,17.3,2,b046dd618ffb934b5f88de1239a221a7804df11b
117,118,Chris Hogan,NWE,29,WR,15,14,58,38,0.655,680,17.9,4,79,11.7,2.5,45.3,1,cd479d544dce714872caad77fdb24dd33b263b59
118,119,Seth Roberts,OAK,25,wr,16,6,77,38,0.494,397,10.4,5,41,5.2,2.4,24.8,0,5cdf983be7af29df5b9237c7784c04951f80a4ea
119,120,Trey Burton,PHI,25,te,15,4,60,37,0.617,327,8.8,1,32,5.5,2.5,21.8,0,b064501bc6d2d0cd920809b1472dbc107ba7a506
120,121,Michael Floyd,2TM,27,,15,8,76,37,0.487,488,13.2,5,39,6.4,2.5,32.5,0,82694ad4fffe1e85523a010e496fd30163bf7943
121,122,Jermaine Gresham,ARI,28,TE,16,14,61,37,0.607,391,10.6,2,34,6.4,2.3,24.4,1,7b42a5f1a60f644c319621288b9fd8579883ac7e
122,123,Kyle Juszczyk,BAL,25,fb,16,7,49,37,0.755,266,7.2,0,40,5.4,2.3,16.6,0,f8f971fd1abd5066e02aaeca4b1ce21c7ed5fd95
123,124,Quinton Patton,SFO,26,WR,14,14,63,37,0.587,408,11.0,0,45,6.5,2.6,29.1,1,d6e47571552b56cccf8a825fa6e9640846dad20c
124,125,Nelson Agholor,PHI,23,WR,15,14,69,36,0.522,365,10.1,2,40,5.3,2.4,24.3,1,bd47f224bd41f3836dd7023d90cd70b6c9085bc8
125,126,Dorial GreenBeckham,PHI,23,wr,15,7,74,36,0.486,392,10.9,2,26,5.3,2.4,26.1,0,3ae0af7a488661c7c036b39dc5d2e5fd96c0aada
126,127,Hunter Henry,SDG,22,TE,15,10,53,36,0.679,478,13.3,8,59,9.0,2.4,31.9,1,998f96caefb18fda282134e006fad3b1fbea9161
127,128,Dwayne Allen,IND,26,tb/TE,14,14,52,35,0.673,406,11.6,6,23,7.8,2.5,29.0,1,e9138cf330ef1080e5e90d169058e50febd97d7b
128,129,Taylor Gabriel,ATL,25,wr,13,3,50,35,0.7,579,16.5,6,76,11.6,2.7,44.5,0,75ca2021f6329ce403ba830846655d8f4799246d
129,130,Allen Hurns,JAX,25,WR,11,11,76,35,0.461,477,13.6,3,42,6.3,3.2,43.4,1,c59048c4794816e3ff69b3d4646a1624c93e86a5
130,131,Rashad Jennings,NYG,31,RB,13,12,42,35,0.833,201,5.7,1,24,4.8,2.7,15.5,1,8c966fad51ad0b3d43e6a8b6880954ec92b8101e
131,132,JJ Nelson,ARI,24,wr,15,6,74,34,0.459,568,16.7,6,80,7.7,2.3,37.9,1,afb708c749cba775db31e933271ab68eebbdc303
132,133,Terrance West,BAL,25,RB,16,13,45,34,0.756,236,6.9,1,17,5.2,2.1,14.8,2,e0a379dd980e79ee4ab43d68fae1d0764103d3fd
133,134,Corey Coleman,CLE,22,WR,10,10,73,33,0.452,413,12.5,3,58,5.7,3.3,41.3,0,1cc1b3da55966c66729816bca0d162b9d69d2d85
134,135,Phillip Dorsett,IND,23,wr,15,7,59,33,0.559,528,16.0,2,64,8.9,2.2,35.2,1,e3842fadc602fb1733739f8cd59dcb5ba62ebfe2
135,136,Andrew Hawkins,CLE,30,wr,16,5,54,33,0.611,324,9.8,3,33,6.0,2.1,20.3,0,33e1475a9e1755f0563763000be3340ee07b20dc
136,137,Latavius Murray,OAK,26,RB,14,12,43,33,0.767,264,8.0,0,39,6.1,2.4,18.9,2,3b979fe0f5b7bbc08eab0ea2b3afe5a05dad6944
137,138,Breshad Perriman,BAL,23,wr,16,1,66,33,0.5,499,15.1,3,53,7.6,2.1,31.2,0,c03093b642b2afc31ec9bf950ed9e9cce807e183
138,139,Eddie Royal,CHI,30,wr,9,1,43,33,0.767,369,11.2,2,64,8.6,3.7,41.0,2,ecb074303c40b16e36fcf544f4738cf662a1a7bf
139,140,Clive Walford,OAK,25,te/wr,15,8,52,33,0.635,359,10.9,3,31,6.9,2.2,23.9,0,463cbe9371c1927bc7c44aed5b9dbecc4f230a1c
140,141,Spencer Ware,KAN,25,RB,14,14,42,33,0.786,447,13.5,2,46,10.6,2.4,31.9,4,1afe21e1083eb4bffea4257fb3007cbab8db65cf
141,142,Matt Asiata,MIN,29,rb,16,6,38,32,0.842,263,8.2,0,31,6.9,2.0,16.4,1,8594f16ca293bded9dba271cf7329158252efeac
142,143,Ezekiel Elliott,DAL,21,RB,15,15,39,32,0.821,363,11.3,1,83,9.3,2.1,24.2,5,2cfbd796dfe4565d43cdf642e40204c6909911ed
143,144,Malcolm Mitchell,NWE,24,rb/wr,14,6,48,32,0.667,401,12.5,4,56,8.4,2.3,28.6,0,553ca5293e14996622df41672282b48164063123
144,145,Devontae Booker,DEN,24,rb,16,6,45,31,0.689,265,8.5,1,43,5.9,1.9,16.6,4,2bdbd67408f657781a03b7107fdd4683ae54cfce
145,146,Tevin Coleman,ATL,23,,13,0,40,31,0.775,421,13.6,3,49,10.5,2.4,32.4,1,acf15aa43b435f107370a52abb84203e56b937b1
146,147,Lamar Miller,HOU,25,RB,14,14,39,31,0.795,188,6.1,1,16,4.8,2.2,13.4,2,3b309bfed7313c843fe23fa50271042d7bb3c405
147,148,Albert Wilson,KAN,24,wr,16,5,51,31,0.608,279,9.0,2,42,5.5,1.9,17.4,0,849275499dc29565d367d46491b9caf6a18d991d
148,149,Jared Cook,GNB,29,tb/te,10,5,51,30,0.588,377,12.6,1,47,7.4,3.0,37.7,1,09529355ad51b458c16d27d04e8943bae0c81afa
149,150,Kenneth Dixon,BAL,22,,12,0,41,30,0.732,162,5.4,1,16,4.0,2.5,13.5,1,590787c7d8e1ce975e78c1b2aa780cf2d01baf98
150,151,Matt Forte,NYJ,31,RB,14,13,43,30,0.698,263,8.8,1,40,6.1,2.1,18.8,1,f9db18bead7656461a38717ab1297176888ee54e
151,152,Donte Moncrief,IND,23,wr,9,7,56,30,0.536,307,10.2,7,39,5.5,3.3,34.1,0,1568ae9ba21e7654d27653b918d9570be5974847
152,153,Richard Rodgers,GNB,24,te,16,6,47,30,0.638,271,9.0,2,22,5.8,1.9,16.9,0,be173791d3072e2f581fd4cbe635a9ba16a7a855
153,154,Julius Thomas,JAX,28,te,9,6,51,30,0.588,281,9.4,4,24,5.5,3.3,31.2,0,66b1d7245f27702d4f5fd3c080ef7a762324245f
154,155,Kamar Aiken,BAL,27,wr,16,6,50,29,0.58,328,11.3,1,29,6.6,1.8,20.5,0,bdbeadd1bfa634f66ccea7af234024be0f105c7b
155,156,Garrett Celek,SFO,28,te,16,6,50,29,0.58,350,12.1,3,31,7.0,1.8,21.9,2,a4377009152d15913c3c4e6471992de3655f067e
156,157,Shaun Draughn,SFO,29,rb,16,1,39,29,0.744,263,9.1,2,29,6.7,1.8,16.4,1,dbc7694fbe0f87f055a7d4f549c9afe68011cf16
157,158,Tyler Eifert,CIN,26,te,8,2,47,29,0.617,394,13.6,5,71,8.4,3.6,49.3,0,a80789d76a34b47a4048a29d63a3203c633ce57c
158,159,Marquise Goodwin,BUF,26,WR,15,9,68,29,0.426,431,14.9,3,84,6.3,1.9,28.7,0,a72cf18b922c474ef47f7987e43e33280cf71143
159,160,Jordan Howard,CHI,22,RB,15,13,50,29,0.58,298,10.3,1,34,6.0,1.9,19.9,2,e781d9eceac0d72261478b2d4a8a45e623ae8a26
160,161,Jalen Richard,OAK,23,,16,0,39,29,0.744,194,6.7,2,29,5.0,1.8,12.1,0,1de75c7aef7f9127e84dfcdec69f37520620c404
161,162,Kendall Wright,TEN,27,wr,11,4,42,29,0.69,416,14.3,3,48,9.9,2.6,37.8,0,940eb1ebe5667fe12b81562a8c8f0f578d2dd8af
162,163,Sammy Watkins,BUF,23,WR,8,8,52,28,0.538,430,15.4,2,62,8.3,3.5,53.8,0,4ebb44f9ba5571555ec9b6f8b607c93d7adb960b
163,164,Charcandrick West,KAN,25,rb,15,2,34,28,0.824,188,6.7,2,28,5.5,1.9,12.5,0,960f832d32c8e2ed408f269d88d251530d8ed910
164,165,Jay Ajayi,MIA,23,RB,15,12,35,27,0.771,151,5.6,0,15,4.3,1.8,10.1,4,e6b1d9c0b3c781b6cbfbfbc8978f5c02893aa30f
165,166,Corey Brown,CAR,25,WR,16,8,53,27,0.509,276,10.2,1,27,5.2,1.7,17.3,1,7e63c2bbf84fa990614a2ac6397eb12e80d75714
166,167,Carlos Hyde,SFO,26,RB,13,13,33,27,0.818,163,6.0,3,19,4.9,2.1,12.5,5,6bb4f9bff196cc609042ff913afda206abb74da5
167,168,Brandon Coleman,NOR,24,wr,16,4,38,26,0.684,281,10.8,3,38,7.4,1.6,17.6,0,9548fc2a8c41c3af646707db01b3e457c7f41928
168,169,Dion Sims,MIA,25,TE,14,11,35,26,0.743,256,9.8,4,28,7.3,1.9,18.3,0,8fb5aa522f4182007645650a7132b67c415e2c27
169,170,Robert Turbin,IND,27,,15,0,35,26,0.743,179,6.9,1,19,5.1,1.7,11.9,0,d5d97ca0bb96ef1ee40436c2b5a80a0d78e8395e
170,171,Rob Gronkowski,NWE,27,te,8,6,38,25,0.658,540,21.6,3,53,14.2,3.1,67.5,0,e22ff1f463974411906938fcde7b816aeb815ee9
171,172,CJ Uzomah,CIN,23,TE,10,8,38,25,0.658,234,9.4,1,54,6.2,2.5,23.4,0,ddc9aec72e6ea3b95fece250ced4925fd8aed100
172,173,Fozzy Whittaker,CAR,27,,16,0,33,25,0.758,226,9.0,0,25,6.8,1.6,14.1,1,90fc56588ca7f0ae5d022c7f3ef3a0c236338d27
173,174,Vance McDonald,SFO,26,TE,11,11,45,24,0.533,391,16.3,4,75,8.7,2.2,35.5,0,724149d3ee76468e8199318afcebfafa7c636dc2
174,175,Charles Sims,TAM,26,rb,7,2,32,24,0.75,190,7.9,1,33,5.9,3.4,27.1,1,869906217d22211d19bbf4d57a1401d39fe09d86
175,176,Bryan Walters,JAX,29,wr,10,3,34,24,0.706,231,9.6,2,23,6.8,2.4,23.1,1,535fe5f1b6ba7e872e330a829d60ae58ab3d3225
176,177,Danny Amendola,NWE,31,wr,12,4,29,23,0.793,243,10.6,4,32,8.4,1.9,20.3,3,09800a637b0fc87d7e274635578edcdd1ef0b90f
177,178,Devin Funchess,CAR,22,wr,15,7,58,23,0.397,371,16.1,4,48,6.4,1.5,24.7,0,a7da33054bf3aee4081223c243a6bef1a0b85145
178,179,Russell Shepard,TAM,26,wr,14,4,40,23,0.575,341,14.8,2,24,8.5,1.6,24.4,0,a30e9ee87847c038c60f599fe9345c894252b0ea
179,180,Damien Williams,MIA,24,,15,0,32,23,0.719,249,10.8,3,58,7.8,1.5,16.6,1,b619ae4e2f4fbb3a3c2684aef8be47ad524fa711
180,181,Virgil Green,DEN,28,TE,12,11,37,22,0.595,237,10.8,1,31,6.4,1.8,19.8,0,fdfa71a5aa0aa76e04b65d4232a5d8668c707185
181,182,Tim Hightower,NOR,30,rb,16,1,26,22,0.846,200,9.1,1,50,7.7,1.4,12.5,0,b62a96bd4711b602aabd71d76004afcee2fbfd2d
182,183,Christine Michael,2TM,26,,15,7,29,22,0.759,107,4.9,1,13,3.7,1.5,7.1,2,a5b9eb4cecdd636e4fd7e88797b28daa3f6fb805
183,184,Jacob Tamme,ATL,31,te,8,5,31,22,0.71,210,9.5,3,19,6.8,2.8,26.3,0,0e23b56bf53304b367fb66ecc0e0468975b5ea57
184,185,Deonte Thompson,CHI,27,wr,16,6,36,22,0.611,249,11.3,2,24,6.9,1.4,15.6,1,01418e0c289f225de678c0076bbefb34f1699cae
185,186,Sammie Coates,PIT,23,wr,14,5,49,21,0.429,435,20.7,2,72,8.9,1.5,31.1,0,6e279ca24850c0505d3a705aaaf14a65e2ff72c5
186,187,Justin Hardy,ATL,25,wr,16,3,31,21,0.677,203,9.7,4,27,6.5,1.3,12.7,0,150d8222f4aee05e7e0abf98b35f68d52f4c076a
187,188,Jeremy Hill,CIN,24,RB,15,13,27,21,0.778,174,8.3,0,25,6.4,1.4,11.6,0,c1794b71a382434efe741bde52447c4af964a42c
188,189,Jordan Norwood,DEN,30,wr,14,6,35,21,0.6,232,11.0,1,36,6.6,1.5,16.6,5,3f4e5b1b4b0507466c17850089c42bd122e42889
189,190,Paul Richardson,SEA,24,,15,0,36,21,0.583,288,13.7,1,39,8.0,1.4,19.2,0,c0062911c47645b3c61bdd62a4b98a13db027d1f
190,191,Josh Ferguson,IND,23,,16,0,26,20,0.769,136,6.8,0,14,5.2,1.3,8.5,1,b19f3219abe4f87ef78bdc6f18ddada8821efce1
191,192,Justin Forsett,3TM,31,,9,6,27,20,0.741,85,4.3,0,11,3.1,2.2,9.4,2,9993024e0b336fe96f25e82e6aeb54659d266bf9
192,193,Chris Ivory,JAX,28,rb,11,1,28,20,0.714,186,9.3,0,37,6.6,1.8,16.9,5,a8d71c17f105dae9559a14d397dafa0a2840b97e
193,194,Charles Johnson,MIN,27,wr,16,7,37,20,0.541,232,11.6,0,40,6.3,1.3,14.5,0,c8bd2a1a5ac3c0fa001766db8fcf10f60362ac73
194,195,Marcedes Lewis,JAX,32,TE,10,10,30,20,0.667,169,8.5,1,37,5.6,2.0,16.9,0,98a6a75aa8dc7cbc96757991e329f6d15c25e36e
195,196,Bobby Rainey,NYG,29,,15,0,25,20,0.8,153,7.7,0,24,6.1,1.3,10.2,1,6bd787627f47cf7bb47ad15cb036ad78fa115e04
196,197,Aldrick Robinson,ATL,28,wr,16,1,32,20,0.625,323,16.2,2,59,10.1,1.3,20.2,0,f4c9ce8d96d4681eb495b5e69005c8d835679b70
197,198,Torrey Smith,SFO,27,WR,12,12,49,20,0.408,267,13.4,3,53,5.4,1.7,22.3,0,3c6f53822282faae2585ec93d2ab74d100268ecc
198,199,Josh Bellamy,CHI,27,wr,16,2,38,19,0.5,282,14.8,1,31,7.4,1.2,17.6,0,f2f3d790cc4055b4d6c127a69becc9bc0c4b63f3
199,200,Austin Hooper,ATL,22,te,14,3,27,19,0.704,271,14.3,3,44,10.0,1.4,19.4,0,c0395b93d7024d607cc64bea78eadb207e04e71a
200,201,Ben Koyack,JAX,23,te,14,7,24,19,0.792,161,8.5,1,17,6.7,1.4,11.5,0,7dd7ad9a47e003ec97b543cd65af8f69fc0718bf
201,202,Jeremy Langford,CHI,25,rb,12,3,27,19,0.704,142,7.5,0,19,5.3,1.6,11.8,2,2dca451bb9e9518a3bbd32653be1aded524e8d11
202,203,Charone Peake,NYJ,24,,15,1,35,19,0.543,186,9.8,0,27,5.3,1.3,12.4,0,598f7d1e2d9c7919f8681827e103cae4355a7b42
203,204,Chester Rogers,IND,22,wr,14,2,34,19,0.559,273,14.4,0,36,8.0,1.4,19.5,2,7422a72b98070573597dd93bbf5b5a7a1fa07a7e
204,205,James Starks,GNB,30,rb,9,4,25,19,0.76,134,7.1,2,31,5.4,2.1,14.9,1,f0b4c113a9bb5f4651f781b821f4ceee309f9f9f
205,206,Kevin White,CHI,24,wr,4,4,36,19,0.528,187,9.8,0,32,5.2,4.8,46.8,0,9bf9a84f3759632cebcd7e580ddef3461c902580
206,207,Ladarius Green,PIT,26,te,6,2,34,18,0.529,304,16.9,1,37,8.9,3.0,50.7,0,3bf6491b1056178db68b5da68358eac75a8b743d
207,208,Ricardo Louis,CLE,22,fb/wr,16,3,35,18,0.514,205,11.4,0,42,5.9,1.1,12.8,1,fc3db37cc777a0cb0676fc504078002fb5a50cba
208,209,Mychal Rivera,OAK,26,te,13,2,25,18,0.72,192,10.7,1,27,7.7,1.4,14.8,0,722d9b7d496c3a5165b9e4c213b2c7d9be57e26a
209,210,Rod Streater,SFO,28,wr,16,2,27,18,0.667,191,10.6,2,25,7.1,1.1,11.9,0,f0723eb04cb7a209f3c294bc2ec475be4a379796
210,211,DeAngelo Williams,PIT,33,rb,9,4,27,18,0.667,118,6.6,2,20,4.4,2.0,13.1,0,4f605a33e3dce5c461c95a337f467a7050d90fc7
211,212,Zach Zenner,DET,25,rb,14,4,23,18,0.783,196,10.9,0,33,8.5,1.3,14.0,1,3fdafe1e929f33db61275b343f8e9f156e638395
212,213,Rex Burkhead,CIN,26,rb,16,1,20,17,0.85,145,8.5,0,18,7.3,1.1,9.1,1,8f1f0ec16175dc1b2dfefae84a32ae801dcf5e85
213,214,Cody Core,CIN,22,wr,8,4,27,17,0.63,200,11.8,0,50,7.4,2.1,25.0,0,1302c82a985ca36a12119be65d81f97768fdd809
214,215,Cobi Hamilton,PIT,26,WR,11,8,28,17,0.607,234,13.8,2,39,8.4,1.5,21.3,0,481ef6639cf7284564a7b87b92ebd5f40ba61e80
215,216,Demetrius Harris,KAN,25,TE,16,11,31,17,0.548,123,7.2,1,13,4.0,1.1,7.7,1,50b1239afda020d7bbc27ddaffa4583bc0c39bfc
216,217,Dion Lewis,NWE,26,rb,7,5,24,17,0.708,94,5.5,0,16,3.9,2.4,13.4,1,7d1b7162cf80a9b2c7c4f18fc099dcda321ec14e
217,218,CJ Prosise,SEA,22,rb,6,2,19,17,0.895,208,12.2,0,43,10.9,2.8,34.7,0,974d665f3d653df0cd1d77ce4b1d973102ce9001
218,219,DeAndre Washington,OAK,23,rb,14,2,23,17,0.739,115,6.8,0,18,5.0,1.2,8.2,1,f9ae1fef7fe7417d3746dbae2db64d4a62d33353
219,220,Jerell Adams,NYG,24,te,13,2,21,16,0.762,122,7.6,1,14,5.8,1.2,9.4,1,5c696dd9bca6b638835e0cb27c208fe2373105e7
220,221,CJ Anderson,DEN,25,rb,7,7,24,16,0.667,128,8.0,1,25,5.3,2.3,18.3,0,1227e2d9e52f34a0138210d0716a2e5e13e0dcdc
221,222,Daniel Brown,2TM,24,,8,3,20,16,0.8,124,7.8,1,12,6.2,2.0,15.5,0,b37cc64b1adc15980c188ae27ffa615b1d57ba35
222,223,Brice Butler,DAL,26,wr,16,3,32,16,0.5,219,13.7,3,41,6.8,1.0,13.7,0,4f5ad088979d3c6aa1534aa56d2161b135872394
223,224,Benny Cunningham,LAR,26,,11,0,21,16,0.762,91,5.7,0,12,4.3,1.5,8.3,1,b2ad703c600b24fec42222d1b087bb33d79ff326
224,225,AJ Derby,2TM,25,,10,3,20,16,0.8,160,10.0,0,17,8.0,1.6,16.0,1,233ab0f2fb71a26aa4e0e1a35e18a5a446216388
225,226,Lance Dunbar,DAL,26,,13,0,24,16,0.667,122,7.6,0,16,5.1,1.2,9.4,1,76fd3236d4de1386b95ea528ad5c875d172e2a85
226,227,Josh Huff,2TM,25,,10,2,23,16,0.696,113,7.1,1,17,4.9,1.6,11.3,0,58fda9b99b6c1ae3c64a8e8a7b4fcb474bcd3d02
227,228,John Kuhn,NOR,34,fb,16,3,20,16,0.8,70,4.4,1,11,3.5,1.0,4.4,0,686b1e983ea1f8f5cb8e7193bf87df557c1bd9b4
228,229,Jordan Taylor,DEN,24,,16,0,25,16,0.64,209,13.1,2,35,8.4,1.0,13.1,1,8623bf2b965a8f1c57cdabe2ee2320e34c7599f7
229,230,Larry Donnell,NYG,28,te,14,6,22,15,0.682,92,6.1,1,15,4.2,1.1,6.6,1,9fd82129371510ea5836404676566a7d68bd4fb7
230,231,Harry Douglas,TEN,32,wr,11,2,22,15,0.682,210,14.0,0,35,9.5,1.4,19.1,0,5fda8146500c92169ec14c2c1646c134a3c43b75
231,232,Josh Hill,NOR,26,TE,9,8,22,15,0.682,149,9.9,1,35,6.8,1.7,16.6,0,7b377db7c22c2baab6b2054a322efa656822fe49
232,233,Vincent Jackson,TAM,33,wr,5,5,32,15,0.469,173,11.5,0,18,5.4,3.0,34.6,0,2ba6cf5c4b6b1f2fb73358f77d6e20982ec2007a
233,234,Braxton Miller,HOU,24,wr,10,6,28,15,0.536,99,6.6,1,12,3.5,1.5,9.9,0,20a7e738d78dfeec6e489c36b6bae09650025fb9
234,235,Paul Perkins,NYG,22,rb,14,1,24,15,0.625,162,10.8,0,67,6.8,1.1,11.6,1,8828aa6f45e607efca7fe50fae6a8c0a0f3e6c10
235,236,Erik Swoope,IND,24,te,16,4,22,15,0.682,297,19.8,1,45,13.5,0.9,18.6,0,b05bbde115d75e88f086a8240c9c1dd25c2ce749
236,237,Luke Willson,SEA,26,te/wr,11,6,21,15,0.714,129,8.6,2,19,6.1,1.4,11.7,0,c0f12bb2adee45698af8e3ac3d732feab6851494
237,238,Brent Celek,PHI,31,te/wr,16,8,19,14,0.737,155,11.1,0,24,8.2,0.9,9.7,1,ad4a82704ba651aecbb42ea2747a05163b62577a
238,239,Pharoh Cooper,LAR,21,wr,10,3,20,14,0.7,106,7.6,0,23,5.3,1.4,10.6,0,eb86aa9812986b024e9f9c849ef2eef72feeb199
239,240,Darren Fells,ARI,30,te,14,7,18,14,0.778,154,11.0,1,37,8.6,1.0,11.0,0,4b9270f55ae506734601d49be6b1e3596ccae2ca
240,241,MarQueis Gray,MIA,27,te,16,7,17,14,0.824,174,12.4,0,53,10.2,0.9,10.9,0,a224814efa614bc8b066f753cf930628078bc29c
241,242,Andre Holmes,OAK,28,wr,16,2,25,14,0.56,126,9.0,3,23,5.0,0.9,7.9,0,f670cce995a3a04b3f383e2d737abbc5a4e3202b
242,243,Jalin Marshall,NYJ,21,wr,10,1,23,14,0.609,162,11.6,2,27,7.0,1.4,16.2,4,fa11cd1375086254a1334dbb4c63d0c746a813f5
243,244,Doug Martin,TAM,27,RB,8,8,16,14,0.875,134,9.6,0,27,8.4,1.8,16.8,1,d2234236529cd9ecbb4d21336cf53e3010a6a104
244,245,Walt Powell,BUF,25,fb/wr,9,2,25,14,0.56,142,10.1,0,35,5.7,1.6,15.8,0,43204c14dcd0afb1702453cf2fd25a3b439b19b8
245,246,Andre Roberts,DET,28,wr,16,1,25,14,0.56,188,13.4,1,44,7.5,0.9,11.8,2,e2f3f702afa88b5fd191c9f916e3749f57948b6a
246,247,Jaelen Strong,HOU,22,wr,8,2,24,14,0.583,131,9.4,0,36,5.5,1.8,16.4,0,2caab3c39f95f4113b93a8f6f3ff9545e6ab9b08
247,248,Kenneth Farrow,SDG,23,rb,13,2,16,13,0.813,70,5.4,0,16,4.4,1.0,5.4,2,d618bd0aef6bbd7f8056016623504b0cbf96b8e6
248,249,Jonathan Grimes,HOU,27,,10,0,18,13,0.722,94,7.2,0,15,5.2,1.3,9.4,0,5dd69b3cd411dfe8ca384a9ef8c06c642d9914ef
249,250,Chris Harper,SFO,23,wr,9,2,21,13,0.619,133,10.2,0,19,6.3,1.4,14.8,0,7995f47f50171946975accc24e8dd4df0a293e52
250,251,Derrick Henry,TEN,22,rb,15,2,15,13,0.867,137,10.5,0,29,9.1,0.9,9.1,0,1d4aaeef41e60f3debcad55fa323cd9d1ec68da7
251,252,Ryan Mathews,PHI,29,RB,13,8,14,13,0.929,115,8.8,1,27,8.2,1.0,8.8,3,995592821cfabe4a9726d2546fbcb93471788b86
252,253,Thomas Rawls,SEA,23,rb,9,7,17,13,0.765,96,7.4,0,20,5.6,1.4,10.7,0,88f30b7346ce99ff1cc146f0d9a5842aa2ef16d3
253,254,Jacquizz Rodgers,TAM,26,rb,10,5,16,13,0.813,98,7.5,0,21,6.1,1.3,9.8,0,aec143090f21aaa72d570d4df896c5b76729889c
254,255,Austin SeferianJenkins,2TM,24,,9,2,20,13,0.65,154,11.8,1,30,7.7,1.4,17.1,0,fd09a35d7e402d61e880dbbc291a2bd9b5a06bd0
255,256,Levine Toilolo,ATL,25,TE,16,11,19,13,0.684,264,20.3,2,46,13.9,0.8,16.5,0,6d77ff7248631b0966bf3dcabc6043ecd12baf46
256,257,James Wright,CIN,25,wr,13,2,19,13,0.684,106,8.2,0,15,5.6,1.0,8.2,0,981f090693b1b844882fe618309ec57085e3c955
257,258,Geronimo Allison,GNB,22,wr,10,2,22,12,0.545,202,16.8,2,39,9.2,1.2,20.2,0,bd320dd30269b467e125a1594c653ef3c1fc7680
258,259,Alfred Blue,HOU,25,rb,14,2,16,12,0.75,40,3.3,0,12,2.5,0.9,2.9,2,109c875942216a01f07eb99ba4bda1ddc751cebb
259,260,Andre Ellington,ARI,27,,16,0,19,12,0.632,85,7.1,0,16,4.5,0.8,5.3,0,2eff867dfb0c838de0ec7aa97571dcf12e95878a
260,261,Robert Kelley,WAS,24,RB,15,9,18,12,0.667,82,6.8,1,22,4.6,0.8,5.5,0,475d68d9b0ff596a507c8981a7261dd934bca165
261,262,Jamize Olawale,OAK,27,fb,16,7,14,12,0.857,227,18.9,1,75,16.2,0.8,14.2,0,a9e574bcf5f60588881f64a78d22739a02a9294e
262,263,Neal Sterling,JAX,24,te,10,1,16,12,0.75,110,9.2,0,17,6.9,1.2,11.0,0,c4c5c4f28a8cbc119e2f0ec6a00a03dddd34a588
263,264,Stephen Anderson,HOU,23,,13,0,16,11,0.688,93,8.5,1,14,5.8,0.8,7.2,0,0b70e5275bbc522373827604de5ad2a7bf14435e
264,265,Jaron Brown,ARI,26,wr,7,2,22,11,0.5,187,17.0,1,51,8.5,1.6,26.7,0,954fbd128fa340a71bc6ed7466497d2ecaaa38d7
265,266,Alex Collins,SEA,22,,11,0,11,11,1.0,84,7.6,0,14,7.6,1.0,7.6,2,3191b30225d2545728a19df1b5d7a4ad2884ac0b
266,267,Bennie Fowler,DEN,25,,13,0,24,11,0.458,145,13.2,2,76,6.0,0.8,11.2,0,da1186ed93a6ef0621ee0115dac92bf8f56d0589
267,268,Xavier Grimble,PIT,24,te,13,2,21,11,0.524,118,10.7,2,20,5.6,0.8,9.1,0,e7b9d854fa78eee628f8d6180adec0d2bd7eb412
268,269,Tyler Higbee,LAR,23,te/wr,16,7,29,11,0.379,85,7.7,1,31,2.9,0.7,5.3,0,db395a93548e5b6251cbc35012c49e48278b21d3
269,270,Jeff Janis,GNB,25,wr,16,1,19,11,0.579,93,8.5,1,25,4.9,0.7,5.8,0,d63a3074d561e75038f7c6176a2d0f1148b962dc
270,271,Cecil Shorts,TAM,29,wr,9,5,27,11,0.407,152,13.8,0,22,5.6,1.2,16.9,0,e2e84d35fa910504b57a3520283f4c2bb72be40d
271,272,Shane Vereen,NYG,27,rb,5,1,19,11,0.579,94,8.5,0,16,4.9,2.2,18.8,2,db96cc668aa28ea6570557590fa4a017794574c3
272,273,Jarius Wright,MIN,27,wr,8,1,14,11,0.786,67,6.1,1,11,4.8,1.4,8.4,0,7f89aff5c42f05ced141963bcede9763b3db5c06
273,274,Seth Devalve,CLE,23,te,12,2,12,10,0.833,127,12.7,2,25,10.6,0.8,10.6,0,a783b9c144f13bdeab332e3d0ca5e1746166e0df
274,275,Ed Dickson,CAR,29,TE,16,8,19,10,0.526,134,13.4,1,28,7.1,0.6,8.4,0,0b311c5a5e8adab48f9febf02c519d0fa143f75d
275,276,Justin Hunter,2TM,25,,13,5,23,10,0.435,189,18.9,4,64,8.2,0.8,14.5,0,da7c49da3dd0fd151003a41bcb2b1fccb2d09fe4
276,277,Tyler Kroft,CIN,24,TE/wr,14,11,12,10,0.833,92,9.2,0,21,7.7,0.7,6.6,0,64df43ee54d70259fa1c1615e5a522759ac3ca5d
277,278,Keith Mumphery,HOU,24,wr,11,3,12,10,0.833,69,6.9,0,11,5.8,0.9,6.3,0,222dbb51637559b110ca5c26dfe59357e03744b8
278,279,John Phillips,2TM,29,,16,7,15,10,0.667,72,7.2,1,16,4.8,0.6,4.5,0,26da1ecad3ca3701ed9dc8bdb189d4d757528766
279,280,Mike Tolbert,CAR,31,fb,16,2,15,10,0.667,72,7.2,1,17,4.8,0.6,4.5,0,9b73ff1965d3e171ff1137aa926970a5e6891171
280,281,Darren Waller,BAL,24,te,12,3,17,10,0.588,85,8.5,2,15,5.0,0.8,7.1,0,b8a51e87fc0873a5e2d8168a9343c5b8dc7ef507
281,282,Dwayne Washington,DET,22,rb,12,2,15,10,0.667,62,6.2,0,11,4.1,0.8,5.2,0,e1d7508cda313423f6e44a0237bb68b3088df208
282,283,Eric Decker,NYJ,29,wr,3,3,21,9,0.429,194,21.6,2,35,9.2,3.0,64.7,0,192edd967faba54a647985424cd06f4165a03bd2
283,284,Kenyan Drake,MIA,22,rb,16,1,10,9,0.9,46,5.1,0,9,4.6,0.6,2.9,1,74c62b814688725e024dd467fdba43273ec7c921
284,285,Rhett Ellison,MIN,28,te,15,6,14,9,0.643,57,6.3,0,21,4.1,0.6,3.8,0,57220c2b659dede7291d53f2d0afc436387f1236
285,286,Mike Gillislee,BUF,26,rb,15,1,11,9,0.818,50,5.6,1,18,4.5,0.6,3.3,1,5ab56ac41caedc62f28efd34755c4652d5237260
286,287,Ryan Grant,WAS,26,wr,16,1,19,9,0.474,76,8.4,0,17,4.0,0.6,4.8,0,38ec48e4089af0fb55f2231dfbafbf153c7d9cab
287,288,Jeff Heuerman,DEN,24,te,12,2,17,9,0.529,141,15.7,0,31,8.3,0.8,11.8,0,7900d7c393c20f0161a4746d0299f50152a438df
288,289,Andre Johnson,TEN,35,wr,8,4,22,9,0.409,85,9.4,2,20,3.9,1.1,10.6,0,8e996cbf4f2f637aaf891b19af945f89abd20781
289,290,Tanner McEvoy,SEA,23,,14,0,11,9,0.818,140,15.6,2,42,12.7,0.6,10.0,0,de7fe9f59260b2e04b24c7c679230f95238aa7d9
290,291,Nick OLeary,BUF,24,te,16,7,14,9,0.643,114,12.7,0,28,8.1,0.6,7.1,0,d5de74179df3fc85e05596aac3b054cecf86d2af
291,292,Aaron Ripkowski,GNB,24,FB,16,8,10,9,0.9,46,5.1,1,9,4.6,0.6,2.9,0,5f63c8d118c41f956b3271a7ba2462c9934b3300
292,293,Paul Turner,PHI,23,wr,4,2,14,9,0.643,126,14.0,0,41,9.0,2.3,31.5,0,efe068ab485494ba8de3b5f5a01eb68a8648dd31
293,294,Marquess Wilson,CHI,24,wr,3,1,16,9,0.563,160,17.8,1,35,10.0,3.0,53.3,0,9e66f1858fbe3dc01e500be8b31084a7ddbcc576
294,295,Brandon Bostick,NYJ,27,te,16,7,11,8,0.727,63,7.9,0,14,5.7,0.5,3.9,0,2872c3c3b603c4b7c6b4030297ab4487723a051c
295,296,Jordan Cameron,MIA,28,te,3,3,11,8,0.727,60,7.5,1,13,5.5,2.7,20.0,0,94832bd775ef73322a40f1ce2c7791a6c2b87830
296,297,Anthony Fasano,TEN,32,TE,16,10,13,8,0.615,83,10.4,2,17,6.4,0.5,5.2,0,f449d1ce23195f48268aaa867275baedecfc22ba
297,298,Crockett Gillmore,BAL,25,te,7,5,14,8,0.571,71,8.9,1,22,5.1,1.1,10.1,0,81cb64e38b99c5db62bae1193256312e196e327c
298,299,Brittan Golden,ARI,28,wr,12,1,14,8,0.571,82,10.3,1,22,5.9,0.7,6.8,1,a76c795429044caa1da1c85e2c9da032995a1020
299,300,DuJuan Harris,SFO,28,rb,10,1,9,8,0.889,115,14.4,1,47,12.8,0.8,11.5,2,4930b02ae7269af040032f1a38a25becae23ad92
300,301,Maurice Harris,WAS,24,,10,0,12,8,0.667,66,8.3,0,15,5.5,0.8,6.6,1,2d6d64123125186b4f812388cd34a89bf8eb68d0
301,302,Matt Jones,WAS,23,rb,7,7,8,8,1.0,73,9.1,0,16,9.1,1.1,10.4,3,35b1ce35249f4e612b37a3783fef9cfa29f6ab9b
302,303,Cody Latimer,DEN,24,wr,12,1,15,8,0.533,76,9.5,0,16,5.1,0.7,6.3,0,fce0e678cb355bbba863e11debf5dadbdc888e50
303,304,Freddie Martino,TAM,25,,13,0,11,8,0.727,142,17.8,1,43,12.9,0.6,10.9,0,519d25ba595355a42413d5e7c38fe14990d2dad7
304,305,Jonathan Stewart,CAR,29,RB,13,13,21,8,0.381,60,7.5,0,25,2.9,0.6,4.6,3,d4ebc7d3d09d39344ba1f95f7b4fef5d4d089ff7
305,306,Brandon Tate,BUF,29,wr,15,1,12,8,0.667,117,14.6,0,34,9.8,0.5,7.8,0,08c2f6459d6c49b43ca5102f8d164c1d5c348c6b
306,307,LeGarrette Blount,NWE,30,RB,16,8,8,7,0.875,38,5.4,0,16,4.8,0.4,2.4,2,3c0b74b8216e95579c7f1a29207d717757642a17
307,308,Aaron Burbridge,SFO,23,wr,16,3,16,7,0.438,88,12.6,0,24,5.5,0.4,5.5,1,c8fe290a3eb849feb85f11613fdbfd08359bf47c
308,309,Reggie Bush,BUF,31,,13,0,10,7,0.7,90,12.9,0,25,9.0,0.5,6.9,1,2092a76b8915358f8cc3c89cbeddeeab423a7489
309,310,Patrick DiMarco,ATL,27,FB,16,8,10,7,0.7,52,7.4,1,18,5.2,0.4,3.3,0,91fa44b7cd9f70b376305175700eb5fc015e64f1
310,311,Ronnie Hillman,2TM,25,,8,1,15,7,0.467,93,13.3,0,32,6.2,0.9,11.6,0,082049cebf02c54a7433521d600f2dc226ac2c64
311,312,David Johnson,PIT,29,te/wr,16,5,11,7,0.636,80,11.4,0,26,7.3,0.4,5.0,0,9b99be7e102e1f0bd5abdbcc94ed3381240d80f1
312,313,Dominique Jones,MIA,29,te,9,2,10,7,0.7,61,8.7,1,24,6.1,0.8,6.8,0,d3767528d4cd909ebcc6107222967eeb8695bcdd
313,314,Roger Lewis,NYG,23,wr,13,1,19,7,0.368,97,13.9,2,30,5.1,0.5,7.5,0,6639cefdbcfbc3f67447d5df171700e71cb49869
314,315,Tommylee Lewis,NOR,24,wr,12,1,11,7,0.636,76,10.9,0,26,6.9,0.6,6.3,2,3608b76fe4e5d4e66b56ad430d7e68b227ffc857
315,316,Dexter McCluster,SDG,27,,6,0,11,7,0.636,36,5.1,0,10,3.3,1.2,6.0,0,fe73f1e108a08591b8d515870a4d8bbdc5433b7c
316,317,Chris Moore,BAL,23,,15,0,16,7,0.438,46,6.6,0,13,2.9,0.5,3.1,1,be1d9b63bcd221d7336ec118a19f6f94d228fa15
317,318,Brandon Myers,TAM,31,TE,16,9,14,7,0.5,59,8.4,1,12,4.2,0.4,3.7,0,983b64abfa5ca2a4dea126017c5cd4707f07030e
318,319,DeAnthony Thomas,KAN,23,,12,0,9,7,0.778,35,5.0,0,15,3.9,0.6,2.9,0,0aa77f4707ea0019cc407696b7540d4c56ce8500
319,320,Keenan Allen,SDG,24,wr,1,1,7,6,0.857,63,10.5,0,15,9.0,6.0,63.0,0,72317d71c3d04d8cf0135b8091b9a798e852aced
320,321,Demarcus Ayers,PIT,22,wr,2,1,13,6,0.462,53,8.8,1,15,4.1,3.0,26.5,0,a1d5b03f375a1b481d06b936d2fe1bc93610a83d
321,322,Nick Boyle,BAL,23,,6,0,6,6,1.0,44,7.3,0,20,7.3,1.0,7.3,0,e9ae065c3b359d025803a267d88a94fef18f6ce6
322,323,Alan Cross,TAM,23,,14,0,10,6,0.6,38,6.3,1,10,3.8,0.4,2.7,0,6836dac047d472136337a7e70fc23fa1dca935c4
323,324,Alex Erickson,CIN,24,,16,0,8,6,0.75,71,11.8,0,20,8.9,0.4,4.4,3,80cd5f585e5e14899d43f9820f989f87ae709349
324,325,Jerome Felton,BUF,30,fb,15,4,9,6,0.667,57,9.5,0,22,6.3,0.4,3.8,0,a17baaf68bbc9fcac77f52f95086eec409487017
325,326,Arian Foster,MIA,30,rb/wr,4,2,10,6,0.6,78,13.0,0,50,7.8,1.5,19.5,1,87ad10b4e52351664fd70f72b2fc8fec0d290a12
326,327,Darrius HeywardBey,PIT,29,,10,0,19,6,0.316,114,19.0,2,46,6.0,0.6,11.4,0,f82794d336c9c4f837996df1fa53131f4469a116
327,328,Rashard Higgins,CLE,22,,16,0,12,6,0.5,77,12.8,0,19,6.4,0.4,4.8,0,96f122e18a5ca2bcd120c2639107cd91987c940a
328,329,Wendell Smallwood,PHI,22,rb,13,3,13,6,0.462,55,9.2,0,18,4.2,0.5,4.2,1,2d514b86286881532520f2c238a4a520fe8b631a
329,330,Antone Smith,TAM,31,,3,0,9,6,0.667,77,12.8,0,30,8.6,2.0,25.7,2,8fb7c0293c323288db11d8320676c748d12a6e78
330,331,Lee Smith,OAK,29,te,4,4,6,6,1.0,29,4.8,0,12,4.8,1.5,7.3,0,96c75c524578a8970598f51f65a88a67f42816a9
331,332,CJ Spiller,2TM,29,,6,0,13,6,0.462,50,8.3,1,24,3.8,1.0,8.3,1,1bf63d32479a1282d2d316453da601c7bbd31662
332,333,Geoff Swaim,DAL,23,te,9,6,8,6,0.75,69,11.5,0,28,8.6,0.7,7.7,0,44b12a7d5c428b4c2ebd4747f54c2b386a45fa06
333,334,Danny Woodhead,SDG,31,rb,2,1,8,6,0.75,35,5.8,1,12,4.4,3.0,17.5,0,0b641719441c2313aacd1807559f1837632221a8
334,335,Ameer Abdullah,DET,23,rb,2,2,5,5,1.0,57,11.4,1,18,11.4,2.5,28.5,0,18d377363bad0c821f06f9830eb4ab0884e419b4
335,336,Peyton Barber,TAM,22,rb,15,1,6,5,0.833,28,5.6,0,11,4.7,0.3,1.9,0,994dff5bb0c9e9345c875b8c1bdae809ce37e46f
336,337,Kenjon Barner,PHI,26,,13,0,11,5,0.455,42,8.4,0,15,3.8,0.4,3.2,0,f5b9b9e82940a2980a8d4ac8548cc7870a8bea4c
337,338,Arrelious Benn,JAX,28,,15,0,10,5,0.5,116,23.2,1,51,11.6,0.3,7.7,0,aea4ac9287e277eca465e34f92d7abd01cf3951e
338,339,KaDeem Carey,CHI,24,,12,0,7,5,0.714,55,11.0,0,16,7.9,0.4,4.6,0,786d62051bb5d4727346fd6aabd7eb2c827350fa
339,340,Knile Davis,2TM,25,,11,0,7,5,0.714,25,5.0,0,11,3.6,0.5,2.3,0,a9708420046f8b6c3063904cce73b99343f278ba
340,341,Rashad Greene,JAX,24,,8,0,8,5,0.625,32,6.4,0,9,4.0,0.6,4.0,4,f9725f3f4e8f3fb977bfc79084e110ae5a007eab
341,342,Andy Janovich,DEN,23,fb,11,5,7,5,0.714,44,8.8,0,13,6.3,0.5,4.0,0,e74dfff927a567c48395d980401def01fb87c653
342,343,Malcolm Johnson,CLE,24,fb,7,1,7,5,0.714,44,8.8,0,21,6.3,0.7,6.3,1,5afb86a0a06ae1f022d297118fefecd507c3eaf9
343,344,TJ Jones,DET,24,,3,0,14,5,0.357,93,18.6,0,36,6.6,1.7,31.0,0,29403947c9bc3dc18d4e8a9e585ae00ab1cf7857
344,345,Marcel Reece,SEA,31,,4,0,5,5,1.0,73,14.6,0,31,14.6,1.3,18.3,0,339c1241c857eb16a0b85f72bd78de91aa03ce04
345,346,Luke Stocker,TAM,28,TE,12,10,8,5,0.625,23,4.6,0,11,2.9,0.4,1.9,0,167d3d1d2ec71305c53e362d0be31d9cad423553
346,347,Nick Williams,ATL,26,,2,0,7,5,0.714,59,11.8,0,19,8.4,2.5,29.5,0,1297252902287f160be9dae2ffb75a61c3b41537
347,348,Blake Bell,SFO,25,,13,0,9,4,0.444,85,21.3,0,45,9.4,0.3,6.5,0,b1d530f687e45ab10c55ca5714352a0152d04bff
348,349,Ben Braunecker,CHI,22,te,13,2,6,4,0.667,41,10.3,0,14,6.8,0.3,3.2,0,4e4ee853e7503ff1bd57d7d8604a1755fdb4c06b
349,350,Gavin Escobar,DAL,25,te,16,1,7,4,0.571,30,7.5,1,14,4.3,0.3,1.9,0,3472f9aaa3e732b47bf5219e7dbe5189aa212af3
350,351,Corey Grant,JAX,25,rb,11,1,7,4,0.571,35,8.8,1,15,5.0,0.4,3.2,0,b164d5f698d1bdf5d8ea45d94090dfdec82ea10a
351,352,Mike James,TAM,25,,4,0,4,4,1.0,22,5.5,0,6,5.5,1.0,5.5,0,982f8f4e67a9a08be0b43567b98f577547b3c8c1
352,353,Taiwan Jones,OAK,28,,13,0,4,4,1.0,43,10.8,0,16,10.8,0.3,3.3,0,32c0145434c1712e9de4c003836f79a2d34596ca
353,354,Eddie Lacy,GNB,26,rb,5,5,7,4,0.571,28,7.0,0,17,4.0,0.8,5.6,0,08919a2388c4a652c6cef8bc3a9f6c7035fae736
354,355,Justin Perillo,GNB,25,te,9,1,5,4,0.8,35,8.8,0,13,7.0,0.4,3.9,0,ebee2434aaf2ea1bc63a37a176e7b6ecdeaee976
355,356,Jeremy Ross,2TM,28,,6,1,4,4,1.0,37,9.3,1,15,9.3,0.7,6.2,0,3195cacc26f222dddf6536d074f84857807c4f15
356,357,Greg Salas,BUF,28,wr,2,1,6,4,0.667,89,22.3,1,71,14.8,2.0,44.5,0,3f45ef057581cb7bbaa01f51c6075b27b0dcfcd7
357,358,Anthony Sherman,KAN,28,fb,16,3,6,4,0.667,11,2.8,0,6,1.8,0.3,0.7,0,f029f10241a32b9b2156e36dc60e4499f494d9f1
358,359,Phillip Supernaw,TEN,26,te,15,2,5,4,0.8,62,15.5,0,30,12.4,0.3,4.1,0,b2f0def06dc14212a53f488c9d342480c4ada504
359,360,Danny Vitale,CLE,23,fb,9,3,5,4,0.8,27,6.8,0,17,5.4,0.4,3.0,0,8cec45834c84d4d939ab2f8f9fee62707430a2aa
360,361,Derek Watt,SDG,24,fb,16,2,4,4,1.0,83,20.8,0,53,20.8,0.3,5.2,0,578b74574ccf3459a185a10030f1df6b631a4c71
361,362,Markus Wheaton,PIT,25,wr,3,2,9,4,0.444,51,12.8,1,30,5.7,1.3,17.0,0,19648ec48221b955ecbde02628dd5f32e6a12a5e
362,363,Wendall Williams,HOU,26,,3,0,7,4,0.571,75,18.8,0,32,10.7,1.3,25.0,0,a18f1c9f9e2d807d88683c87674364a7976b2213
363,364,Javorius Allen,BAL,25,,8,0,4,3,0.75,15,5.0,0,8,3.8,0.4,1.9,0,c31a0b32d59a3db5fccbf924a4a5f982fdb23e1d
364,365,Jace Amaro,TEN,24,,3,0,4,3,0.75,59,19.7,0,26,14.8,1.0,19.7,0,49f1064331ecd312a18766bccc72290141c8ae1e
365,366,Quan Bray,IND,23,,6,0,4,3,0.75,36,12.0,0,22,9.0,0.5,6.0,0,bb028be9a61af7df009ae09779b312650b3c708f
366,367,Malcolm Brown,LAR,23,,16,0,3,3,1.0,46,15.3,0,26,15.3,0.2,2.9,1,d3206e8cc8b267eb0e0a86677d3fd75ed6c4e812
367,368,Leonte Carroo,MIA,22,wr,14,2,6,3,0.5,29,9.7,1,15,4.8,0.2,2.1,0,4dcb30674d695a66c87aa3a2b3ec16f4e5da8b29
368,369,Mike Davis,SFO,23,rb,8,1,5,3,0.6,25,8.3,0,10,5.0,0.4,3.1,1,65ba3ab37376938293e20fc1f8100a7c17314130
369,370,Trevor Davis,GNB,23,,11,0,7,3,0.429,24,8.0,1,9,3.4,0.3,2.2,2,fd7abd3fe00ad8af18374d372877a5b63e8d972a
370,371,James Develin,NWE,28,fb/rb,16,4,6,3,0.5,18,6.0,0,13,3.0,0.2,1.1,0,b4f4b1d642582ac563f6b313225afa8472bd1aa4
371,372,Alex Ellis,JAX,23,te,6,3,4,3,0.75,11,3.7,0,6,2.8,0.5,1.8,0,74ea6d08af9cedc9391cbdf2e3af31dfd7941448
372,373,Tyler Ervin,HOU,23,,12,0,5,3,0.6,18,6.0,0,9,3.6,0.3,1.5,3,07026e00f116cf16c2fa0e923883e990197b280d
373,374,Clay Harbor,2TM,29,,15,2,3,3,1.0,19,6.3,0,9,6.3,0.2,1.3,0,a18351c9f0bc2c4eb701c66a425c98254a4f8654
374,375,Akeem Hunt,HOU,23,,8,0,4,3,0.75,29,9.7,0,24,7.3,0.4,3.6,2,95978e1fbdcdff105126138efd7406833c75bea1
375,376,Bradley Marquez,LAR,24,,14,0,7,3,0.429,37,12.3,0,13,5.3,0.2,2.6,0,30d607976413887a8114fd9c0fb6f66f90cdad74
376,377,Byron Marshall,PHI,22,,3,0,5,3,0.6,10,3.3,0,7,2.0,1.0,3.3,0,2c42b4ff94f5fec6a6793972c8cb6d5defbb9a7e
377,378,Darren McFadden,DAL,29,rb,3,2,5,3,0.6,17,5.7,0,11,3.4,1.0,5.7,0,f1b4b65a4e444ed64b054037a3b2f9bcc9cb1828
378,379,Alfred Morris,DAL,28,,14,0,6,3,0.5,11,3.7,0,6,1.8,0.2,0.8,0,b60599d3b67d4470192f2cef8a372c198318684b
379,380,Logan Paulsen,CHI,29,TE,16,12,10,3,0.3,15,5.0,0,7,1.5,0.2,0.9,0,d768652d117cd0c82c1a59448f67a266c66c5366
380,381,Joshua Perkins,ATL,23,te,8,1,5,3,0.6,42,14.0,1,26,8.4,0.4,5.3,0,7f9f4b0808f9a6f7abdd12ebfce343ea8e678897
381,382,Adrian Peterson,MIN,31,rb,3,3,6,3,0.5,8,2.7,0,7,1.3,1.0,2.7,1,4b5b7df5ab567d53b9b1d2d5d21541f8c62dec84
382,383,Denard Robinson,JAX,26,rb,13,1,5,3,0.6,22,7.3,0,11,4.4,0.2,1.7,0,0fb15e7e47af0448382b22d8dd3f717a0dfb966b
383,384,Keith Smith,DAL,24,fb,16,1,4,3,0.75,20,6.7,0,14,5.0,0.2,1.3,0,f7f6faf95acd98ae420adf75441abc69370ae858
384,385,Lorenzo Taliaferro,BAL,25,,3,0,3,3,1.0,10,3.3,0,8,3.3,1.0,3.3,0,8189c8cc4d010ea81602c396d6ce0ba37e954a9a
385,386,Mike Thomas,LAR,22,,15,0,9,3,0.333,37,12.3,0,16,4.1,0.2,2.5,1,f9e2c76ddb140116cab7e3c20d129283d8034bcb
386,387,Fitzgerald Toussaint,PIT,26,,16,0,3,3,1.0,33,11.0,0,15,11.0,0.2,2.1,0,860e37a975acdfac0836ff6c5be5bce5f07e16fc
387,388,Ross Travis,KAN,23,te,6,3,6,3,0.5,15,5.0,0,6,2.5,0.5,2.5,0,7ca1cb299c280ea6779f567d03c2735c4d388a0b
388,389,Bryce Treggs,PHI,22,wr,9,1,12,3,0.25,80,26.7,0,58,6.7,0.3,8.9,0,6c7c21ca512e273bb8f53b2f03b40b2c94fa3d4c
389,390,Nick Vannett,SEA,23,te,9,2,4,3,0.75,32,10.7,0,21,8.0,0.3,3.6,0,d00ffbb8e483470a79bb0484046433e200ccb42f
390,391,Lucky Whitehead,DAL,24,wr,15,1,3,3,1.0,48,16.0,0,35,16.0,0.2,3.2,3,93d3e8d62c007836bf464cb6a651656127cdedd4
391,392,Brenton Bersin,CAR,26,,10,0,6,2,0.333,17,8.5,0,10,2.8,0.2,1.7,0,95354c1add2817ccb60bdcbd21ce2a905f28d721
392,393,Kapri Bibbs,DEN,23,,12,0,4,2,0.5,75,37.5,1,69,18.8,0.2,6.3,0,94cb971ba16699fe203cfd69fa3119fdd53e6773
393,394,Brandon Bolden,NWE,26,,14,0,4,2,0.5,15,7.5,0,13,3.8,0.1,1.1,0,22539a8b3aa5dfc44e2dd1e0f54d2d7bfa4deb23
394,395,Jeremy Butler,SDG,25,,4,0,2,2,1.0,11,5.5,0,6,5.5,0.5,2.8,0,547ec1e5880a524dc6ba9eadf4fa49f250900422
395,396,Derek Carrier,WAS,26,,8,0,2,2,1.0,10,5.0,0,6,5.0,0.3,1.3,0,a172a9dff6f03a3cd25644da5b89bd47af96a513
396,397,Jamaal Charles,KAN,30,,3,0,3,2,0.667,14,7.0,0,16,4.7,0.7,4.7,0,bea7eafe2a8508104ada649d14b8bed1a90bdcb6
397,398,Orleans Darkwa,NYG,24,rb,10,2,4,2,0.5,12,6.0,0,9,3.0,0.2,1.2,0,d085e0464102f108dbc3e12f8771954a4c2dba87
398,399,Josh Doctson,WAS,24,,2,0,6,2,0.333,66,33.0,0,57,11.0,1.0,33.0,0,ba5f941b852377bef5ea36bba02310d275b78cef
399,400,JeRon Hamm,SFO,24,,5,0,4,2,0.5,13,6.5,0,7,3.3,0.4,2.6,0,fd798289d6c499dcd108751895a647c44089fff2
400,401,Percy Harvin,BUF,28,wr,2,1,4,2,0.5,6,3.0,0,5,1.5,1.0,3.0,0,9681c2bca12a8282e905551054a50ed45dbfb88e
401,402,Ryan Hewitt,CIN,25,RB,16,11,3,2,0.667,13,6.5,0,8,4.3,0.1,0.8,0,411dd249cbb567bbc29de01e03fd4ba1d3502e31
402,403,Johnny Holton,OAK,25,,15,0,3,2,0.667,34,17.0,0,30,11.3,0.1,2.3,1,dda9e40f74f2407ec11f67994d26c4d4018bbad0
403,404,Tavarres King,NYG,26,,7,0,4,2,0.5,50,25.0,0,44,12.5,0.3,7.1,0,5bd659efe4dd0e085428cf2aa5bce597d011ff94
404,405,Daniel Lasco,NOR,24,,7,0,4,2,0.5,11,5.5,0,7,2.8,0.3,1.6,0,8bad23770819a646427fbd3112fdc755986b3b51
405,406,Matt Lengel,NWE,26,,6,0,3,2,0.667,22,11.0,1,18,7.3,0.3,3.7,0,24f4dcad9abadbad404f2118b4db1176ab9cb049
406,407,Sean McGrath,SDG,29,te,16,5,2,2,1.0,25,12.5,0,13,12.5,0.1,1.6,0,16b58ad419d1cf441b52e5edd5f70484e3860bec
407,408,JD McKissic,SEA,23,,1,0,2,2,1.0,16,8.0,0,10,8.0,2.0,16.0,0,b206fd127d5f5846d6a490392f0b05853c531301
408,409,Ifeanyi Momah,ARI,27,te,5,1,4,2,0.5,50,25.0,0,27,12.5,0.4,10.0,0,49a7d06ca4651aaad6e66e6ee939fa3459f5b878
409,410,Roosevelt Nix,PIT,24,fb,10,3,2,2,1.0,5,2.5,0,3,2.5,0.2,0.5,0,fcbd814bee9b48d09f11ee1ec5d1e3f9e3d555e0
410,411,James OShaughnessy,KAN,24,te,16,3,3,2,0.667,-1,-0.5,0,0,-0.3,0.1,-0.1,0,a6e90884fc2420016149695c3857200dc87294e8
411,412,Niles Paul,WAS,27,te,8,1,2,2,1.0,27,13.5,0,16,13.5,0.3,3.4,0,8654c2366111f5c5a79a926bb43429751fb14fa9
412,413,MyCole Pruitt,2TM,24,,4,0,2,2,1.0,13,6.5,0,7,6.5,0.5,3.3,0,9c13a71a8e9620d7bc3627aa980741d62518e23a
413,414,Randall Telfer,CLE,24,te,14,5,7,2,0.286,4,2.0,0,7,0.6,0.1,0.3,0,62cb44669188b1c4729a46db6a0b1f08b6d86289
414,415,Griff Whalen,SDG,26,,8,0,4,2,0.5,22,11.0,0,12,5.5,0.3,2.8,0,cc980d3cddbda9a999240da527f9f1c07c98f309
415,416,Cole Wick,DET,23,,6,0,3,2,0.667,18,9.0,0,13,6.0,0.3,3.0,0,eecbcba37f1bd1274eda6a3f6bd25ad9ac815a57
416,417,Brandon Wilds,NYJ,23,,4,0,2,2,1.0,20,10.0,0,12,10.0,0.5,5.0,0,838d8552b802a4f6fa32c0a568cada584721f54e
417,418,Brandon Williams,SEA,29,fb,16,1,3,2,0.667,36,18.0,0,20,12.0,0.1,2.3,0,b3bb62f1a9a8ca91d01871f8b5eb2ae2195d7302
418,419,Russell Wilson,SEA,28,QB,16,16,2,2,1.0,14,7.0,1,15,7.0,0.1,0.9,8,0d030e7fe9c50554d6ae21f96f2ec39ea202b6e7
419,420,Jared Abbrederis,GNB,26,,5,0,2,1,0.5,8,8.0,0,8,4.0,0.2,1.6,0,725514bf83115509f414562650d2d773722dc807
420,421,Bralon Addison,CHI,23,,2,0,1,1,1.0,11,11.0,0,11,11.0,0.5,5.5,1,8324659a9590d59716bf301788542f87ece1d7e9
421,422,Cameron ArtisPayne,CAR,26,rb,3,3,1,1,1.0,11,11.0,0,11,11.0,0.3,3.7,0,e97a718aab5b74170bc789f628382cbf35afc041
422,423,Matt Barkley,CHI,26,qb,7,6,1,1,1.0,2,2.0,1,2,2.0,0.1,0.3,4,f05bfad9120192efdfe85128ef7d329543cb18cb
423,424,Joique Bell,2TM,30,,7,0,1,1,1.0,-2,-2.0,0,0,-2.0,0.1,-0.3,0,8548174413545e3e6b7807e0530f229bbf462cc0
424,425,Blake Bortles,JAX,24,QB,16,16,1,1,1.0,20,20.0,1,20,20.0,0.1,1.3,8,5f377d8087db2e09e8e2687365b9584dbea04e5c
425,426,Sam Bradford,MIN,29,QB,15,15,1,1,1.0,5,5.0,0,5,5.0,0.1,0.3,10,51bdaaf6ce8d3b6bd9660a0eb1d47ae71cb2761e
426,427,Mack Brown,WAS,25,,9,0,1,1,1.0,-2,-2.0,0,-2,-2.0,0.1,-0.2,0,033b9f80176b97e5c680a055b04c1d7c543b10ca
427,428,Damiere Byrd,CAR,23,,1,0,1,1,1.0,16,16.0,0,16,16.0,1.0,16.0,0,45c1d2507072e1a9cc5c8d5f3d2a20f5f45f9f7b
428,429,Gerald Christian,BUF,25,,3,0,2,1,0.5,14,14.0,0,14,7.0,0.3,4.7,0,67d6fc7a23716a6cc758ee084a360f8c02f7212f
429,430,Quinton Dunbar,WAS,24,cb,14,2,1,1,1.0,31,31.0,0,31,31.0,0.1,2.2,1,165619e27b590584dc00da6a55d82e87ff6d070e
430,431,George Farmer,SEA,23,,2,0,3,1,0.333,4,4.0,0,4,1.3,0.5,2.0,0,3c3010e3d6c764e1d6468c710acc10186911a8e4
431,432,Jake Fisher,CIN,23,rt,15,3,1,1,1.0,12,12.0,0,12,12.0,0.1,0.8,1,d78b1ccee0da3198134681231a0421be88db3226
432,433,DJ Foster,NWE,23,,3,0,2,1,0.5,2,2.0,0,2,1.0,0.3,0.7,0,202f6635b5e81057b164fefe209b69b2d561f4d9
433,434,Jalston Fowler,TEN,26,fb,16,7,2,1,0.5,14,14.0,0,14,7.0,0.1,0.9,0,62ef46790bd46e247a3f43c4b0f8dceb2150db57
434,435,Blaine Gabbert,SFO,27,qb,6,5,1,1,1.0,-16,-16.0,0,-16,-16.0,0.2,-2.7,0,f200229663cdb0482c8cf7311b273bba256adc39
435,436,Jimmy Garoppolo,NWE,25,qb,6,2,1,1,1.0,3,3.0,0,3,3.0,0.2,0.5,2,5b234cc141548c795daba0480465b9a91764fc0a
436,437,Connor Hamlett,CLE,24,te,3,2,1,1,1.0,17,17.0,1,17,17.0,0.3,5.7,0,cbb6012d7a5e4da690be8e1d65f4e0a4ffaa88a7
437,438,Dwayne Harris,NYG,29,wr,16,1,1,1,1.0,13,13.0,1,13,13.0,0.1,0.8,3,8c7d8c133c3688b7a5586a96e1ff0fdd82d335c2
438,439,Henry KriegerCoble,DEN,24,,2,0,1,1,1.0,13,13.0,0,13,13.0,0.5,6.5,0,a9cdf6e864c44ac47512247241455302804bde76
439,440,Paul Lasike,CHI,26,fb/wr,10,3,1,1,1.0,3,3.0,0,3,3.0,0.1,0.3,0,d339682724dfb65251ca86a3d9cc6d2a1971f2f8
440,441,Taylor Lewan,TEN,25,LT,16,16,1,1,1.0,10,10.0,1,10,10.0,0.1,0.6,0,80ddd07c98b21a8aeca70c5e2cb86a45b9e45039
441,442,Chris Manhertz,2TM,24,,7,2,1,1,1.0,10,10.0,0,10,10.0,0.1,1.4,0,9737bfee52b3dbb7e09d7b3284bacfbc89b76015
442,443,Paul McRoberts,LAR,24,,2,0,1,1,1.0,6,6.0,0,6,6.0,0.5,3.0,0,054aed6b0c1900d6f463e7cb3af42cddab7304f3
443,444,David Morgan,MIN,23,,12,0,1,1,1.0,4,4.0,0,4,4.0,0.1,0.3,0,86ce53d36eae6d0cf0ec65e8978c01e79ac00e60
444,445,Matthew Mulligan,DET,31,,8,0,1,1,1.0,8,8.0,0,8,8.0,0.1,1.0,0,9e8076e77b93daddc83134b5752223a4abc3cab5
445,446,Marcus Murphy,NOR,25,,3,0,1,1,1.0,3,3.0,0,3,3.0,0.3,1.0,0,560cb9f1465b3b084e4a27b8601587a3cc886774
446,447,Troy Niklas,ARI,24,te,3,2,2,1,0.5,0,0.0,0,0,0.0,0.3,0.0,0,5ec00250ef6b9e3d437ffa047de2a1669e6e93e2
447,448,Brock Osweiler,HOU,26,QB,15,14,1,1,1.0,-14,-14.0,0,-6,-14.0,0.1,-0.9,5,4080e332c762449187501473a3cacf5bec9a4e10
448,449,Jordan Payton,CLE,23,,4,0,3,1,0.333,3,3.0,0,3,1.0,0.3,0.8,0,6478561c47021763ba1fbee8466e02bf1637c9a3
449,450,Isaiah Pead,MIA,27,,3,0,1,1,1.0,6,6.0,0,6,6.0,0.3,2.0,0,17bf8c3f9abb3c40f0dcfdcfcd3692344c21dc8b
450,451,Donald Penn,OAK,33,LT,16,16,1,1,1.0,1,1.0,1,1,1.0,0.1,0.1,0,6cce0741ea90707d2aa9bb11a0b658ba7894e6c6
451,452,Troymaine Pope,2TM,23,,4,0,2,1,0.5,5,5.0,0,5,2.5,0.3,1.3,0,225b79866eefcf16f4e6c357667e61f40342454c
452,453,Jay Prosch,HOU,24,fb,15,1,1,1,1.0,6,6.0,0,6,6.0,0.1,0.4,0,c53f2b25b008c8b0c57b0a301b4c31311f298f3a
453,454,Chase Reynolds,LAR,29,,16,0,1,1,1.0,4,4.0,0,4,4.0,0.1,0.3,0,4b72abd85d31d8e42b66503f18fe1c94e3b920c3
454,455,Rashad Ross,WAS,26,,5,0,1,1,1.0,8,8.0,0,8,8.0,0.2,1.6,0,ecbb528a735703c0f3fd8d43a4a4fbb029ad0a8d
455,456,DeAndre Smelter,SFO,25,,2,0,1,1,1.0,23,23.0,0,23,23.0,0.5,11.5,0,b5e37b05bdd9e14ca7445afbb7d6cab635de6cf1
456,457,Alex Smith,KAN,32,QB,15,15,1,1,1.0,3,3.0,0,3,3.0,0.1,0.2,7,3a46aab30f5852af0220e5c6072ea20f0692e03e
457,458,Devin Smith,NYJ,24,,4,0,3,1,0.333,20,20.0,0,20,6.7,0.3,5.0,0,df62732db1914e4c5208464a761137d4fc0e8300
458,459,Rod Smith,DAL,24,,7,0,1,1,1.0,4,4.0,0,4,4.0,0.1,0.6,0,9da96fd3511e2fcb7aca602b0a79c55d66d722fa
459,460,Devin Street,IND,25,,5,0,6,1,0.167,20,20.0,0,20,3.3,0.2,4.0,0,269831792a4eb4fdbf8f4e35803f78ff6b41bcaf
460,461,DJ Tialavea,ATL,25,,2,0,1,1,1.0,1,1.0,1,1,1.0,0.5,0.5,0,e4ce44cbb928dacc2335213f49a7cf5997657c04
461,462,Laquon Treadwell,MIN,21,wr,9,1,3,1,0.333,15,15.0,0,15,5.0,0.1,1.7,0,8bac6453c4a7f2091c699691ca37ad7cd93151ce
462,463,Terron Ward,ATL,24,,5,0,2,1,0.5,11,11.0,0,11,5.5,0.2,2.2,0,d49f7c6b93ffba153d4e750720b44e9877b627fe
463,464,Tony Washington,JAX,24,,2,0,1,1,1.0,9,9.0,0,9,9.0,0.5,4.5,0,c31ec32164c6dd53172d6107f9124f98a29915ca
464,465,Terrell Watson,PHI,23,,1,0,1,1,1.0,5,5.0,0,5,5.0,1.0,5.0,0,b2278ef9c6695b5d36e83b2133047663787cd43c
465,466,Joe Webb,CAR,30,,14,0,3,1,0.333,3,3.0,0,3,1.0,0.1,0.2,0,d91450d8862d636fffc2a80f1542485956a67522
466,467,Carson Wentz,PHI,24,QB,16,16,1,1,1.0,7,7.0,0,7,7.0,0.1,0.4,14,b4a6fe98894f2b5e31dc814d575256eedd379403
467,468,Jonathan Williams,BUF,22,,11,0,2,1,0.5,0,0.0,0,0,0.0,0.1,0.0,2,af8b7b9464dd83c4830b0ef49fc17098d000a068
468,469,Kerwynn Williams,ARI,25,,10,0,2,1,0.5,6,6.0,0,6,3.0,0.1,0.6,0,edf8e2c72fb7193fe6e9c67ac99864c7b21dd396
469,470,Shane Wynn,JAX,24,,5,0,3,1,0.333,19,19.0,0,19,6.3,0.2,3.8,0,9998d8aa847b8574ccf647fad2207d10a2d56427
