,Rk,Player,Tm,Age,Pos,G,GS,Att,Yds,TD,Lng,Y/A,Y/G,Fmb,Player_ID
0,1,LeVeon Bell,PIT,25,RB,15,15,321,1291,9,27,4.0,86.1,3,13e59bf6172578f2b30fb2c721b965ee487f11b3
1,2,LeSean McCoy,BUF,29,RB,16,16,287,1138,6,48,4.0,71.1,3,554fae312e41fad82ae400122382660b2fac247f
2,3,Melvin Gordon,LAC,24,RB,16,16,284,1105,8,87,3.9,69.1,1,4769476172255c7fbb2f394fcbfba30f60d1d524
3,4,Todd Gurley,LAR,23,RB,15,15,279,1305,13,57,4.7,87.0,5,a6195492c963f64337a6acb553b2b8ca0d76e8fc
4,5,Jordan Howard,CHI,23,RB,16,16,276,1122,9,53,4.1,70.1,1,e781d9eceac0d72261478b2d4a8a45e623ae8a26
5,6,Kareem Hunt,KAN,22,RB,16,16,272,1327,8,69,4.9,82.9,1,e7a9c77f9104901e511c9fd8e68984440467d937
6,7,Leonard Fournette,JAX,22,RB,13,13,268,1040,9,90,3.9,80.0,2,10c52b91f724ad49ed62d415def46ac09dc91935
7,8,Frank Gore,IND,34,RB,16,16,261,961,3,21,3.7,60.1,3,b046dd618ffb934b5f88de1239a221a7804df11b
8,9,CJ Anderson,DEN,26,RB,16,16,245,1007,3,40,4.1,62.9,1,1227e2d9e52f34a0138210d0716a2e5e13e0dcdc
9,10,Ezekiel Elliott,DAL,22,RB,10,10,242,983,7,30,4.1,98.3,1,2cfbd796dfe4565d43cdf642e40204c6909911ed
10,11,Carlos Hyde,SFO,27,RB,16,16,240,938,8,61,3.9,58.6,2,6bb4f9bff196cc609042ff913afda206abb74da5
11,12,Lamar Miller,HOU,26,RB,16,13,238,888,3,21,3.7,55.5,1,3b309bfed7313c843fe23fa50271042d7bb3c405
12,13,Mark Ingram,NOR,28,RB,16,13,230,1124,12,72,4.9,70.3,3,e1f90b10a80ece8028c737370da614b7d494f658
13,14,Latavius Murray,MIN,27,RB,16,11,216,842,8,46,3.9,52.6,1,3b979fe0f5b7bbc08eab0ea2b3afe5a05dad6944
14,15,Alex Collins,BAL,23,RB,15,12,212,973,6,50,4.6,64.9,4,3191b30225d2545728a19df1b5d7a4ad2884ac0b
15,16,Jay Ajayi,2TM,24,,14,8,208,873,1,71,4.2,62.4,3,e6b1d9c0b3c781b6cbfbfbc8978f5c02893aa30f
16,17,Marshawn Lynch,OAK,31,RB,15,15,207,891,7,51,4.3,59.4,1,a30a8d00e470bd1b98d8ddad66dd7536189de3e0
17,18,Isaiah Crowell,CLE,24,RB,16,16,206,853,2,59,4.1,53.3,1,cf2c8672a3800025743ae2434de47ba1500a152b
18,19,Jonathan Stewart,CAR,30,RB,15,10,198,680,6,60,3.4,45.3,3,d4ebc7d3d09d39344ba1f95f7b4fef5d4d089ff7
19,20,Devonta Freeman,ATL,25,RB,14,14,196,865,7,44,4.4,61.8,4,20b6808cc45741af757a012211aa81cf5a2b13da
20,21,DeMarco Murray,TEN,29,RB,15,15,184,659,6,75,3.6,43.9,1,23a90b4a2362b972205fec5aba203418fade88cf
21,22,Dion Lewis,NWE,27,RB,16,8,180,896,6,44,5.0,56.0,0,7d1b7162cf80a9b2c7c4f18fc099dcda321ec14e
22,23,Joe Mixon,CIN,21,rb,14,7,178,626,4,25,3.5,44.7,3,19901cec967038c8418ffae50dcac0d1fa6c7ca6
23,24,Bilal Powell,NYJ,29,RB,15,10,178,772,5,75,4.3,51.5,1,3abc8fe27bd59d1191af9fbb7fb4e7afd7d681d7
24,25,Derrick Henry,TEN,23,rb,16,2,176,744,5,75,4.2,46.5,1,1d4aaeef41e60f3debcad55fa323cd9d1ec68da7
25,26,Samaje Perine,WAS,22,RB,16,8,175,603,1,30,3.4,37.7,2,4aac45567acf76c0ed639df889e9b560ff60dbdd
26,27,LeGarrette Blount,PHI,31,RB,16,11,173,766,2,68,4.4,47.9,1,3c0b74b8216e95579c7f1a29207d717757642a17
27,28,Orleans Darkwa,NYG,25,RB,15,11,171,751,5,75,4.4,50.1,1,d085e0464102f108dbc3e12f8771954a4c2dba87
28,29,Ameer Abdullah,DET,24,RB,14,11,165,552,4,34,3.3,39.4,2,18d377363bad0c821f06f9830eb4ab0884e419b4
29,30,Tevin Coleman,ATL,24,fb/rb,15,3,156,628,5,52,4.0,41.9,1,acf15aa43b435f107370a52abb84203e56b937b1
30,31,Adrian Peterson,2TM,32,,10,7,156,529,2,27,3.4,52.9,3,4b5b7df5ab567d53b9b1d2d5d21541f8c62dec84
31,32,Javorius Allen,BAL,26,,16,0,153,591,4,37,3.9,36.9,0,c31a0b32d59a3db5fccbf924a4a5f982fdb23e1d
32,33,Jamaal Williams,GNB,22,rb,16,7,153,556,4,25,3.6,34.8,0,27cf64083732f968db0c37cba3c6ab719bf5d2a0
33,34,Jerick McKinnon,MIN,25,rb,16,1,150,570,3,58,3.8,35.6,3,d715bf37bd5b25e953394132d5f90a5d6a36ede0
34,35,Cam Newton,CAR,28,QB,16,16,139,754,6,69,5.4,47.1,9,09bab79778f425e2840084058b60815510d12814
35,36,Doug Martin,TAM,28,RB,11,8,138,406,3,27,2.9,36.9,1,d2234236529cd9ecbb4d21336cf53e3010a6a104
36,37,Kenyan Drake,MIA,23,rb,16,6,133,644,3,66,4.8,40.3,2,74c62b814688725e024dd467fdba43273ec7c921
37,38,Alvin Kamara,NOR,22,fb/rb,16,3,120,728,8,74,6.1,45.5,1,387b9af70de447875c104ae40fd0cf407f96498b
38,39,Kerwynn Williams,ARI,26,rb,16,6,120,426,1,25,3.6,26.6,0,edf8e2c72fb7193fe6e9c67ac99864c7b21dd396
39,40,Christian McCaffrey,CAR,21,RB,16,10,117,435,2,40,3.7,27.2,2,bcb54c01cb6f248aa00afcb2ad5a43c4dc9a6515
40,41,Alfred Morris,DAL,29,rb,14,5,115,547,1,70,4.8,39.1,0,b60599d3b67d4470192f2cef8a372c198318684b
41,42,Chris Ivory,JAX,29,rb,14,3,112,382,1,34,3.4,27.3,2,a8d71c17f105dae9559a14d397dafa0a2840b97e
42,43,Wayne Gallman,NYG,23,rb,13,1,111,476,0,24,4.3,36.6,3,254b253d01e40a24acf6b3b85c4cbdea405bb8c6
43,44,Peyton Barber,TAM,23,rb,16,4,108,423,3,34,3.9,26.4,2,994dff5bb0c9e9345c875b8c1bdae809ce37e46f
44,45,Giovani Bernard,CIN,26,rb,16,2,105,458,2,25,4.4,28.6,0,d466f5fef6bdc7b34b97d9b806e740cb554b46e5
45,46,Matt Breida,SFO,22,,16,0,105,465,2,33,4.4,29.1,1,9bdf24fa7d7783320c7ea475ab5d0df314438be3
46,47,Mike Gillislee,NWE,27,rb,9,2,104,383,5,16,3.7,42.6,1,5ab56ac41caedc62f28efd34755c4652d5237260
47,48,Matt Forte,NYJ,32,rb,12,4,103,381,2,20,3.7,31.8,1,f9db18bead7656461a38717ab1297176888ee54e
48,49,Russell Wilson,SEA,29,QB,16,16,95,586,3,31,6.2,36.6,14,0d030e7fe9c50554d6ae21f96f2ec39ea202b6e7
49,50,Marlon Mack,IND,21,,14,0,93,358,3,35,3.8,25.6,1,84e2ff41cd7e2a6bdb0ecfb3f8d0479759d51bcd
50,51,Elijah McGuire,NYJ,23,rb,16,2,88,315,1,69,3.6,19.7,2,c914501160d1f0e9d350f6d58d8e19a12bfdbfa0
51,52,Tarik Cohen,CHI,22,rb/wr,16,4,87,370,2,46,4.3,23.1,3,198ebb2989e798b9bcef0bd1c6d318e28444bb59
52,53,Theo Riddick,DET,26,rb,16,5,84,286,3,21,3.4,17.9,1,3f5ab665950efc02931da70774f371900d4f90bd
53,54,Tyrod Taylor,BUF,28,QB,15,14,84,427,4,32,5.1,28.5,4,9dbf65fe23c317c7d8bbbe513f6783ed750b1a80
54,55,Duke Johnson,CLE,24,,16,0,82,348,4,19,4.2,21.8,4,809ff7def7754065d6924edf11ad3ac54824aa8d
55,56,Aaron Jones,GNB,23,rb,12,4,81,448,4,46,5.5,37.3,0,0d279e8b08f81434b0165d8ebd360e25a834afd4
56,57,Devontae Booker,DEN,25,,13,0,79,299,1,26,3.8,23.0,2,2bdbd67408f657781a03b7107fdd4683ae54cfce
57,58,DOnta Foreman,HOU,21,rb,10,1,78,327,2,39,4.2,32.7,2,0ff2fb5c1c6371a986411200e6d64445c53854b1
58,59,DeShone Kizer,CLE,21,QB,15,15,77,419,5,20,5.4,27.9,9,7a91240031b455cd1a2c2ad5f02b73c3c5c4533f
59,60,Corey Clement,PHI,23,,16,0,74,321,4,28,4.3,20.1,0,14bd177b9429dd9ecf0d20181a10446e470785f4
60,61,Dalvin Cook,MIN,22,rb,4,4,74,354,2,33,4.8,88.5,1,4701266a826303a01219a3e6e630d5f8f038009a
61,62,Alfred Blue,HOU,26,,11,0,71,262,1,48,3.7,23.8,0,109c875942216a01f07eb99ba4bda1ddc751cebb
62,63,Ty Montgomery,GNB,24,rb,8,5,71,273,3,37,3.8,34.1,0,57a1474c122a3c3bf67360b67758c62419280354
63,64,Jamaal Charles,DEN,31,,14,0,69,296,1,19,4.3,21.1,2,bea7eafe2a8508104ada649d14b8bed1a90bdcb6
64,65,Eddie Lacy,SEA,27,rb,9,3,69,179,0,19,2.6,19.9,0,08919a2388c4a652c6cef8bc3a9f6c7035fae736
65,66,Mike Davis,SEA,24,rb,6,6,68,240,0,33,3.5,40.0,0,65ba3ab37376938293e20fc1f8100a7c17314130
66,67,Mike Tolbert,BUF,32,,12,0,66,247,1,25,3.7,20.6,2,9b73ff1965d3e171ff1137aa926970a5e6891171
67,68,Rex Burkhead,NWE,27,rb,10,3,64,264,5,31,4.1,26.4,1,8f1f0ec16175dc1b2dfefae84a32ae801dcf5e85
68,69,Jacquizz Rodgers,TAM,27,rb,16,4,64,244,1,36,3.8,15.3,0,aec143090f21aaa72d570d4df896c5b76729889c
69,70,Chris Thompson,WAS,27,rb,10,1,64,294,2,61,4.6,29.4,3,8cd38ae44873387224d73ce252daa09465ee0012
70,71,Carson Wentz,PHI,25,QB,13,13,64,299,0,24,4.7,23.0,9,b4a6fe98894f2b5e31dc814d575256eedd379403
71,72,Jacoby Brissett,IND,25,QB,16,15,63,260,4,25,4.1,16.3,8,eb001ff2fca317756a28288b61d4559491648980
72,73,Malcolm Brown,LAR,24,rb,11,1,63,246,1,20,3.9,22.4,1,d3206e8cc8b267eb0e0a86677d3fd75ed6c4e812
73,74,Robert Kelley,WAS,25,rb,7,7,62,194,3,21,3.1,27.7,0,475d68d9b0ff596a507c8981a7261dd934bca165
74,75,Marcus Mariota,TEN,24,QB,15,15,60,312,5,34,5.2,20.8,2,a69eb2348a8f53c9fd6f70f1a65503f190dca7e2
75,76,Alex Smith,KAN,33,QB,15,15,60,355,1,70,5.9,23.7,2,3a46aab30f5852af0220e5c6072ea20f0692e03e
76,77,Tavon Austin,LAR,27,WR,16,9,59,270,1,27,4.6,16.9,5,64a6f7852ca90b6df5ce28e2500c6fdacc2b6365
77,78,Thomas Rawls,SEA,24,rb,12,3,58,157,0,23,2.7,13.1,1,88f30b7346ce99ff1cc146f0d9a5842aa2ef16d3
78,79,Blake Bortles,JAX,25,QB,16,16,57,322,2,28,5.6,20.1,9,5f377d8087db2e09e8e2687365b9584dbea04e5c
79,80,Dak Prescott,DAL,24,QB,16,16,57,357,6,21,6.3,22.3,4,899eec8f0a4bddf8c0f78181bc6b278238ce1cbb
80,81,DeAndre Washington,OAK,24,,15,0,57,153,2,11,2.7,10.2,2,f9ae1fef7fe7417d3746dbae2db64d4a62d33353
81,82,Jalen Richard,OAK,24,rb,16,1,56,275,1,52,4.9,17.2,8,1de75c7aef7f9127e84dfcdec69f37520620c404
82,83,Rod Smith,DAL,25,rb,15,1,55,232,4,45,4.2,15.5,0,9da96fd3511e2fcb7aca602b0a79c55d66d722fa
83,84,Chris Carson,SEA,23,rb,4,3,49,208,0,30,4.2,52.0,0,e84b13cd6439452c83e2dcef7d34c719d42befb9
84,85,Kirk Cousins,WAS,29,QB,16,16,49,179,4,18,3.7,11.2,13,08a0ae851de9c7c2f3bb09d4ce253cd609aeee0b
85,86,TJ Yeldon,JAX,24,,10,0,49,253,2,58,5.2,25.3,2,e7e6ded1acdedd436ce5df6208fba64411a8cc0b
86,87,Austin Ekeler,LAC,22,,16,0,47,260,2,35,5.5,16.3,2,d56f5ae2688ce9d7057ce3aa8fc9299271d4feb8
87,88,Wendell Smallwood,PHI,23,rb,8,3,47,174,1,26,3.7,21.8,0,2d514b86286881532520f2c238a4a520fe8b631a
88,89,JD McKissic,SEA,24,rb,13,1,46,187,1,30,4.1,14.4,0,b206fd127d5f5846d6a490392f0b05853c531301
89,90,Damien Williams,MIA,25,rb,11,4,46,181,0,69,3.9,16.5,0,b619ae4e2f4fbb3a3c2684aef8be47ad524fa711
90,91,Chris Johnson,ARI,32,rb,4,3,45,114,0,11,2.5,28.5,0,527fd8b376f56ce032a6b86cd6566b7af25ee193
91,92,Shane Vereen,NYG,28,,16,0,45,164,0,17,3.6,10.3,0,db96cc668aa28ea6570557590fa4a017794574c3
92,93,James White,NWE,25,rb,14,4,43,171,0,10,4.0,12.2,0,07b02308cb6f46ee59bcab78cbc073b6c5db4294
93,94,Tion Green,DET,24,,5,0,42,165,2,33,3.9,33.0,0,a6c99da31a9a02e99e29077952b913b36e39e982
94,95,Paul Perkins,NYG,23,rb,11,4,41,90,0,14,2.2,8.2,0,8828aa6f45e607efca7fe50fae6a8c0a0f3e6c10
95,96,Mitchell Trubisky,CHI,23,QB,12,12,41,248,2,46,6.0,20.7,10,7bd5c73bee7eb62d7b6b2714b63adf3ad88f5994
96,97,Case Keenum,MIN,29,QB,15,14,40,160,1,22,4.0,10.7,1,74cf91fd6fbe759fe9b6a4f99375845683be6b8b
97,98,Terrance West,BAL,26,rb,5,4,39,138,2,13,3.5,27.6,1,e0a379dd980e79ee4ab43d68fae1d0764103d3fd
98,99,Andy Dalton,CIN,30,QB,16,16,38,99,0,25,2.6,6.2,4,ab97adae72860c50727c690e98cf7933c1598491
99,100,Jeremy Hill,CIN,25,rb,7,7,37,116,0,13,3.1,16.6,1,c1794b71a382434efe741bde52447c4af964a42c
100,101,Josh McCown,NYJ,38,QB,13,13,37,124,5,22,3.4,9.5,11,cbbda91efc20baf41263f960c5075e4ed039f687
101,102,Brett Hundley,GNB,24,QB,11,9,36,270,2,24,7.5,24.5,4,afce0725496c2ab0e6d3921766d0a4b08bf68661
102,103,Deshaun Watson,HOU,22,qb,7,6,36,269,2,49,7.5,38.4,3,7a85e8191dd14f245eaff5ca6bc23a5d39882e71
103,104,Branden Oliver,LAC,26,,8,0,35,83,0,26,2.4,10.4,0,d1786695e6d75bd0f35c4585f2c31b43dadf566b
104,105,Drew Brees,NOR,38,QB,16,16,33,12,2,7,0.4,0.8,5,5540e070cea2bb7472e7a801bb49d2ef8d266ecd
105,106,Jameis Winston,TAM,23,QB,13,13,33,135,1,17,4.1,10.4,15,d553549b25945a12f0f64377092694cb04945abf
106,107,James Conner,PIT,22,,14,0,32,144,0,23,4.5,10.3,0,c1793657179b0daffa7855133bd810cbceeec53b
107,108,Matt Ryan,ATL,32,QB,16,16,32,143,0,16,4.5,8.9,4,410a26b461b55d3fc7268cf49cecc09280a8d75e
108,109,Elijhaa Penny,ARI,24,,16,0,31,124,2,14,4.0,7.8,0,47dcdb3765b1f2fef3d667111e820918b41fe2fb
109,110,Trevor Siemian,DEN,26,QB,11,10,31,127,1,15,4.1,11.5,5,0e74f72634a49119ed60cac6942066158d6ce146
110,111,Corey Grant,JAX,26,,16,0,30,248,2,58,8.3,15.5,1,b164d5f698d1bdf5d8ea45d94090dfdec82ea10a
111,112,Terron Ward,ATL,25,,14,0,30,129,0,17,4.3,9.2,1,d49f7c6b93ffba153d4e750720b44e9877b627fe
112,113,Matthew Stafford,DET,29,QB,16,16,29,98,0,15,3.4,6.1,11,7323e35004bc6b4857788407fc101a37e65fba0c
113,114,Jared Goff,LAR,23,QB,15,15,28,51,1,22,1.8,3.4,8,eb544a8b522322e4d17b948c4e0ad66d8352194c
114,115,Ben Roethlisberger,PIT,35,QB,15,15,28,47,0,14,1.7,3.1,3,0a97b495092921e0e9d33276c536974552d387ee
115,116,CJ Beathard,SFO,24,qb,7,5,26,136,3,16,5.2,19.4,3,e31805f4e90ed0d848104f68611fc2088c3307dc
116,117,Stevan Ridley,PIT,28,rb,2,1,26,108,1,21,4.2,54.0,0,a24f914f1dd3493cd3348ac817c25b85f7427e17
117,118,Tom Brady,NWE,40,QB,16,16,25,28,0,7,1.1,1.8,7,a8376b323ca3b99a9df10c16df65adfdd9bad309
118,119,Joe Flacco,BAL,32,QB,16,16,25,54,1,25,2.2,3.4,6,520845db5d8fc547cbac3b2beeceb896e6fc2363
119,120,Aaron Rodgers,GNB,34,qb,7,7,24,126,0,18,5.3,18.0,1,3446204b12893f7fb61000ed1a6ac4937a045160
120,121,Travaris Cadet,2TM,28,,9,0,23,96,0,12,4.2,10.7,0,07e3c3e8eafb3cf33f7caad70a26bbe62b156728
121,122,Derek Carr,OAK,26,QB,15,15,23,66,0,32,2.9,4.4,8,bf222013c3ac73636e78717318f70ec8e93f7589
122,123,Blaine Gabbert,ARI,28,qb,5,5,23,82,0,12,3.6,16.4,7,f200229663cdb0482c8cf7311b273bba256adc39
123,124,Robert Turbin,IND,28,rb,6,1,23,53,1,7,2.3,8.8,0,d5d97ca0bb96ef1ee40436c2b5a80a0d78e8395e
124,125,Kapri Bibbs,WAS,24,,3,0,21,79,0,16,3.8,26.3,0,94cb971ba16699fe203cfd69fa3119fdd53e6773
125,126,Charles Sims,TAM,27,,16,0,21,95,0,21,4.5,5.9,1,869906217d22211d19bbf4d57a1401d39fe09d86
126,127,Andre Ellington,2TM,28,,12,2,20,55,1,14,2.8,4.6,0,2eff867dfb0c838de0ec7aa97571dcf12e95878a
127,128,Dwayne Washington,DET,23,,5,0,20,44,0,6,2.2,8.8,0,e1d7508cda313423f6e44a0237bb68b3088df208
128,129,Jay Cutler,MIA,34,QB,14,14,19,32,0,9,1.7,2.3,6,96dccc524f99ce2ae5087314e87dd902b87be16c
129,130,Cameron ArtisPayne,CAR,27,,13,0,18,95,1,43,5.3,7.3,0,e97a718aab5b74170bc789f628382cbf35afc041
130,131,Philip Rivers,LAC,36,QB,16,16,18,-2,0,8,-0.1,-0.1,8,5eab33401951870e1c2bb6de837c5205cc76ea5e
131,132,Charcandrick West,KAN,26,,13,0,18,72,2,21,4.0,5.5,1,960f832d32c8e2ed408f269d88d251530d8ed910
132,133,Tyreek Hill,KAN,23,WR,15,13,17,59,0,16,3.5,3.9,2,84c54a757284199b876dcdb9d80697a0b4d19496
133,134,Kenjon Barner,PHI,27,rb,13,1,16,57,1,18,3.6,4.4,3,f5b9b9e82940a2980a8d4ac8548cc7870a8bea4c
134,135,Ryan Fitzpatrick,TAM,35,qb,6,3,16,76,0,15,4.8,12.7,0,d4562b81608343c2ae077c526a0f2d3493d46f97
135,136,Jimmy Garoppolo,SFO,26,qb,6,5,15,11,1,8,0.7,1.8,1,5b234cc141548c795daba0480465b9a91764fc0a
136,137,Darren Sproles,PHI,34,,3,0,15,61,0,12,4.1,20.3,1,1d76b4ca9137df7a55ff0da1e1d1b1cb8344b66f
137,138,Brock Osweiler,DEN,27,qb,6,4,14,64,1,18,4.6,10.7,2,4080e332c762449187501473a3cacf5bec9a4e10
138,139,Carson Palmer,ARI,38,qb,7,7,14,12,0,4,0.9,1.7,2,bcad6f616e1f8e68fd662c95c0d858ca6cf7c2a0
139,140,Anthony Sherman,KAN,29,fb,16,3,14,40,1,9,2.9,2.5,0,f029f10241a32b9b2156e36dc60e4499f494d9f1
140,141,Danny Woodhead,BAL,32,,8,0,14,56,0,10,4.0,7.0,0,0b641719441c2313aacd1807559f1837632221a8
141,142,Zach Zenner,DET,26,,8,0,14,26,1,14,1.9,3.3,0,3fdafe1e929f33db61275b343f8e9f156e638395
142,143,Travis Benjamin,LAC,28,wr,16,3,13,96,0,22,7.4,6.0,2,c99cb2cfec356bf81a1a1157311a24fe281f0d5b
143,144,Brandon Bolden,NWE,27,,16,0,13,67,0,20,5.2,4.2,0,22539a8b3aa5dfc44e2dd1e0f54d2d7bfa4deb23
144,145,Cordarrelle Patterson,OAK,26,wr,16,2,13,121,2,47,9.3,7.6,3,e4a2493b309b936f4e8687ce430a656efa79b61b
145,146,Eli Manning,NYG,36,QB,15,15,12,26,1,14,2.2,1.7,11,5128171a82346e1914989a106b2bf6ef8b3977a5
146,147,Lance Dunbar,LAR,27,,4,0,11,51,1,12,4.6,12.8,0,76fd3236d4de1386b95ea528ad5c875d172e2a85
147,148,Nick Foles,PHI,28,qb,7,3,11,3,0,9,0.3,0.4,6,950d0b320a0183a480ddd9c357814b2cdfc5ab2f
148,149,Brian Hill,2TM,22,,7,0,11,37,0,11,3.4,5.3,0,8f8269f8af3e7a6ac320a1f57b24b5ee9eeaae41
149,150,David Johnson,ARI,26,rb,1,1,11,23,0,6,2.1,23.0,2,9b99be7e102e1f0bd5abdbcc94ed3381240d80f1
150,151,CJ Prosise,SEA,23,,5,0,11,23,0,8,2.1,4.6,0,974d665f3d653df0cd1d77ce4b1d973102ce9001
151,152,Ted Ginn,NOR,32,WR,15,10,10,39,0,15,3.9,2.6,2,1378781ba204137ebe99e6d9655728e2d3db7286
152,153,Kevin Hogan,CLE,25,qb,4,1,10,71,0,11,7.1,17.8,1,cc2bcf04333d33ec5822711a4dae5e6533497460
153,154,Tyler Lockett,SEA,25,WR,16,8,10,58,0,22,5.8,3.6,0,16534bc74b6934004f623d3951404109e9190400
154,155,Randall Cobb,GNB,27,WR,15,14,9,17,0,10,1.9,1.1,1,61507762621c72ced1fa3dad2c19eab19c528105
155,156,Brandin Cooks,NWE,24,WR,16,15,9,40,0,13,4.4,2.5,0,0ba7d216d807159ba82f809f9855ba8a9e4b014a
156,157,Benny Cunningham,CHI,27,,14,0,9,29,0,12,3.2,2.1,1,b2ad703c600b24fec42222d1b087bb33d79ff326
157,158,Trey Edmunds,NOR,23,,16,0,9,48,1,41,5.3,3.0,0,db211ba340d3383486d202cf1498ac1b506c6c04
158,159,Brian Hoyer,2TM,32,,11,6,9,4,1,9,0.4,0.4,3,0bc5d0a750eddd632811658e41a7be1bf5168aec
159,160,Sean Mannion,LAR,25,qb,5,1,9,-2,0,3,-0.2,-0.4,2,61f13b56aa1bddfcd70f080703580c4af87839d8
160,161,Byron Marshall,WAS,23,,4,0,9,32,0,11,3.6,8.0,0,2c42b4ff94f5fec6a6793972c8cb6d5defbb9a7e
161,162,Jamize Olawale,OAK,28,,12,0,9,43,1,11,4.8,3.6,1,a9e574bcf5f60588881f64a78d22739a02a9294e
162,163,Drew Stanton,ARI,33,qb,5,4,9,7,0,5,0.8,1.4,3,f8b3d6a700719c486e8a00039f2a092e778e1577
163,164,Andre Williams,LAC,25,,8,0,9,25,0,7,2.8,3.1,0,96e32a1036c76d3557fb80d89a5d1918fc5d67fa
164,165,Mack Brown,2TM,26,,4,0,8,29,0,11,3.6,7.3,0,033b9f80176b97e5c680a055b04c1d7c543b10ca
165,166,Stefon Diggs,MIN,24,WR,14,14,8,13,0,9,1.6,0.9,0,065caff1237082ab9f9f645b97dd731305a22920
166,167,Taylor Gabriel,ATL,26,wr,16,4,8,49,0,15,6.1,3.1,0,75ca2021f6329ce403ba830846655d8f4799246d
167,168,Akeem Hunt,KAN,24,,15,0,8,23,0,11,2.9,1.5,0,95978e1fbdcdff105126138efd7406833c75bea1
168,169,Landry Jones,PIT,28,qb,3,1,8,-10,0,0,-1.3,-3.3,1,79763659d0bd406a6aee9681e1214cbd876512d9
169,170,Senorise Perry,MIA,26,,16,0,8,30,0,12,3.8,1.9,0,742c8c3b5c59dbd2ce2da899171f40ef087309b5
170,171,Taywan Taylor,TEN,22,wr,16,4,8,43,0,17,5.4,2.7,0,38b76097d4f313ae768c38ba0959499a27262d0d
171,172,Joe Webb,BUF,31,,16,0,8,54,0,22,6.8,3.4,0,d91450d8862d636fffc2a80f1542485956a67522
172,173,Jamison Crowder,WAS,24,wr,15,6,7,34,0,11,4.9,2.3,6,70aefa1db654bdacc819a528b7106db90cd8e04b
173,174,CJ Ham,MIN,24,fb,16,1,7,13,1,3,1.9,0.8,0,390b454a99f4cf4ba7785c383c964d97b9f3a492
174,175,DeAngelo Henderson,DEN,25,,5,0,7,13,0,5,1.9,2.6,0,2a2705f68c50138e36d2191901cdc9385eb1a2ce
175,176,Kyle Juszczyk,SFO,26,FB,14,10,7,31,0,12,4.4,2.2,2,f8f971fd1abd5066e02aaeca4b1ce21c7ed5fd95
176,177,Zach Line,NOR,27,fb,12,4,7,28,0,9,4.0,2.3,0,9ba64da1be741b6d030d1f56afdd4b05bcc5abf5
177,178,Patrick Mahomes,KAN,22,qb,1,1,7,10,0,5,1.4,10.0,0,73b9dd632b9680f463babe345fbf3e7912b7cc63
178,179,Marcus Murphy,BUF,26,,1,0,7,41,0,25,5.9,41.0,0,560cb9f1465b3b084e4a27b8601587a3cc886774
179,180,Nathan Peterman,BUF,23,qb,4,2,7,23,0,9,3.3,5.8,2,06205f4b05843aa29b1cfe03848f24bc1597ac0e
180,181,Bryce Petty,NYJ,26,qb,4,3,7,55,0,24,7.9,13.8,1,526af3524af3fa55192cfd5c043c301a636592a9
181,182,ArDarius Stewart,NYJ,24,wr,15,2,7,27,0,11,3.9,1.8,0,d93486e2ee55eb36ab5e2bd43cc636bb6cfeb7a2
182,183,Fozzy Whittaker,CAR,28,,12,0,7,18,0,8,2.6,1.5,0,90fc56588ca7f0ae5d022c7f3ef3a0c236338d27
183,184,Martavis Bryant,PIT,26,WR,15,8,6,22,0,13,3.7,1.5,0,e6b25780b15cd5c210d0442f6a740040f6daf430
184,185,DJ Foster,ARI,24,,7,0,6,19,0,5,3.2,2.7,0,202f6635b5e81057b164fefe209b69b2d561f4d9
185,186,Andy Janovich,DEN,24,fb,16,4,6,12,1,4,2.0,0.8,0,e74dfff927a567c48395d980401def01fb87c653
186,187,Raheem Mostert,SFO,25,,11,0,6,30,0,16,5.0,2.7,1,4cfc308f84b0685d55c13309735ce445a098026a
187,188,Fitzgerald Toussaint,PIT,27,,6,0,6,25,0,7,4.2,4.2,0,860e37a975acdfac0836ff6c5be5bce5f07e16fc
188,189,Derek Watt,LAC,25,fb,16,4,6,24,0,17,4.0,1.5,0,578b74574ccf3459a185a10030f1df6b631a4c71
189,190,Tommy Bohanon,JAX,27,FB,16,10,5,5,2,3,1.0,0.3,0,be8fb9001e134229a084daef06ab490bb9160ffa
190,191,Michael Campanaro,BAL,26,,13,0,5,42,0,19,8.4,3.2,4,4b741f5bdad78af6a96c698a430d365b5cc89b24
191,192,Kellen Clemens,LAC,34,,8,0,5,-5,0,-1,-1.0,-0.6,0,c02e9af414635b8e646aee043589271e5146c489
192,193,Matthew Dayes,CLE,23,,16,0,5,13,0,4,2.6,0.8,0,0586be2f1a71ba019809612665957866d52a0e47
193,194,Alex Erickson,CIN,25,,16,0,5,16,0,14,3.2,1.0,6,80cd5f585e5e14899d43f9820f989f87ae709349
194,195,MarQueis Gray,MIA,28,,16,0,5,14,0,5,2.8,0.9,0,a224814efa614bc8b066f753cf930628078bc29c
195,196,Chad Henne,JAX,32,,2,0,5,-5,0,-1,-1.0,-2.5,0,67e67e50fa7fe768416a957b7fec7741841e17ac
196,197,Adoree Jackson,TEN,22,CB,16,16,5,55,0,20,11.0,3.4,1,b15dd2c4576382d2bccb7e83f8fb871f3cf15be0
197,198,Matt Jones,IND,24,,5,0,5,14,0,5,2.8,2.8,0,35b1ce35249f4e612b37a3783fef9cfa29f6ab9b
198,199,Paxton Lynch,DEN,23,qb,2,2,5,30,0,11,6.0,15.0,2,18817c589accb22a7943c94117b324ec743c2038
199,200,Aaron Ripkowski,GNB,25,fb,16,2,5,13,0,4,2.6,0.8,0,5f63c8d118c41f956b3271a7ba2462c9934b3300
200,201,Golden Tate,DET,29,WR,16,12,5,22,0,10,4.4,1.4,1,4be9e9ef46089a07b3f2ad293bb6c8ef1d520f7a
201,202,Terrell Watson,PIT,24,,10,0,5,8,0,3,1.6,0.8,0,b2278ef9c6695b5d36e83b2133047663787cd43c
202,203,TJ Yates,HOU,30,qb,4,3,5,51,0,15,10.2,12.8,5,83a64166f2048a15799545528ec78933de9ef318
203,204,Michael Burton,CHI,25,fb,16,3,4,9,0,7,2.3,0.6,0,c87b39306e22c94008c678de28eea7a4c0830715
204,205,Tyler Ervin,HOU,24,,4,0,4,12,0,6,3.0,3.0,0,07026e00f116cf16c2fa0e923883e990197b280d
205,206,David Fales,MIA,27,,2,0,4,8,1,3,2.0,4.0,0,efa8b7ec22dc7d703b49d8b1284f9f6521ed74a4
206,207,David Fluellen,TEN,25,,16,0,4,21,0,10,5.3,1.3,0,27d6019c750f14474a6d211fcc60ef8fff7bc322
207,208,Mike Glennon,CHI,28,qb,4,4,4,4,0,2,1.0,1.0,5,f48d9c6909d9babbf32ba60346306d80843c267f
208,209,Marquise Goodwin,SFO,27,WR,16,16,4,44,0,18,11.0,2.8,0,a72cf18b922c474ef47f7987e43e33280cf71143
209,210,Ryan Mallett,BAL,29,,2,0,4,-3,0,0,-0.8,-1.5,1,492dd18179018bfd09091862937757bd21ccbc18
210,211,Devante Mays,GNB,23,,8,0,4,1,0,2,0.3,0.1,2,7a718f9067bdabcc9cfc7b1050d1beef3cf250e3
211,212,Curtis Samuel,CAR,21,rb/wr,9,4,4,64,0,31,16.0,7.1,0,e16acc5d9e78c078499b3b48d460b801e28513a8
212,213,Mohamed Sanu,ATL,28,WR,15,15,4,10,0,4,2.5,0.7,0,26a60fa3fc131a10a0e244f8870d8adc91eccb0e
213,214,Tom Savage,HOU,27,qb,8,7,4,2,0,3,0.5,0.3,8,8e59062fdff320b3ffc08ac460b4a67a03a36fb4
214,215,Sterling Shepard,NYG,24,WR,11,10,4,4,0,12,1.0,0.4,1,034940bb974dd152b72fbfcc227230f76ba7c8e8
215,216,Geno Smith,NYG,27,qb,2,1,4,12,0,10,3.0,6.0,2,0b3f84fa372c4774457fdfa286673bcd948cee4d
216,217,Ryan Switzer,DAL,23,,16,0,4,5,0,3,1.3,0.3,1,481703603b599e98d19e7d3b72d686f1b34cb8c8
217,218,Robby Anderson,NYJ,24,WR,16,15,3,9,0,7,3.0,0.6,0,7ec391efab1c4e37ff8081afa6254fb1e4bedba7
218,219,Teddy Bridgewater,MIN,25,,1,0,3,-3,0,-1,-1.0,-3.0,0,72e125e00aaaa45c496a1a98237c3dca36145485
219,220,Kaelin Clay,2TM,25,,13,2,3,27,0,29,9.0,2.1,3,24982394eb1cd13d7c1f9b25d752d7fcd85ec452
220,221,Chase Daniel,NOR,31,,1,0,3,-2,0,0,-0.7,-2.0,0,0df22da5c7e6483a123d562a206a321ec4bda0a1
221,222,LeShun Daniels,WAS,22,,4,0,3,14,0,8,4.7,3.5,0,63d6695a4cfc6ca3729d8b71a0d6584c6dcd0e95
222,223,Bruce Ellington,HOU,26,wr,11,6,3,17,0,13,5.7,1.5,1,ce8e5f11f87d4c35acb8669cf8985b946c9ce0a9
223,224,Jakeem Grant,MIA,25,,16,0,3,12,0,7,4.0,0.8,2,5858caa12d3db6a84d0dc9d96705189f737a95ea
224,225,Chris Hogan,NWE,30,wr,9,7,3,17,0,13,5.7,1.9,0,cd479d544dce714872caad77fdb24dd33b263b59
225,226,DeSean Jackson,TAM,31,WR,14,13,3,38,0,23,12.7,2.7,0,17d86327236460cea5cfadba1a49c7a13975b6d0
226,227,Matt Moore,MIA,33,qb,4,2,3,9,0,7,3.0,2.3,0,9d7acfe8bbe1dabf4e54110f802ceeeca722c5a8
227,228,JJ Nelson,ARI,25,wr,16,5,3,37,0,16,12.3,2.3,1,afb708c749cba775db31e933271ab68eebbdc303
228,229,Roosevelt Nix,PIT,25,fb/rb,16,4,3,0,1,1,0.0,0.0,0,fcbd814bee9b48d09f11ee1ec5d1e3f9e3d555e0
229,230,Bernard Reedy,2TM,26,,11,0,3,17,0,10,5.7,1.5,1,06b59760ebd9c16fa5506239a396b6ca94d71e3f
230,231,Chester Rogers,IND,23,wr,11,4,3,8,0,7,2.7,0.7,0,7422a72b98070573597dd93bbf5b5a7a1fa07a7e
231,232,Albert Wilson,KAN,25,wr,13,7,3,6,0,6,2.0,0.5,0,849275499dc29565d367d46491b9caf6a18d991d
232,233,Jesus Wilson,TAM,22,wr,3,1,3,8,0,8,2.7,2.7,0,669a1f8dac7c6be7e0c32aece95b31dfff65709e
233,234,Jamal Agnew,DET,22,,13,0,2,9,0,5,4.5,0.7,3,cf0165eeafba9fd390f9d7d98d6fc5e5a9fb805e
234,235,Keenan Allen,LAC,25,WR,16,15,2,9,0,6,4.5,0.6,1,72317d71c3d04d8cf0135b8091b9a798e852aced
235,236,Derek Anderson,CAR,34,,3,0,2,-2,0,-1,-1.0,-0.7,0,26ddfb736c87f163ceaeae21ad5780fe5f2f6e1c
236,237,Doug Baldwin,SEA,29,WR,16,16,2,-8,0,-3,-4.0,-0.5,0,8ac586c77d8374db1d863ddf6ac7273be7999932
237,238,Sam Bradford,MIN,30,qb,2,2,2,-3,0,-1,-1.5,-1.5,0,51bdaaf6ce8d3b6bd9660a0eb1d47ae71cb2761e
238,239,Derrick Coleman,ATL,27,fb,16,7,2,8,0,5,4.0,0.5,0,f97b49863b8c4e7291cd52feb64f0a5c27cbba7f
239,240,Trevor Davis,GNB,24,,16,0,2,13,0,9,6.5,0.8,0,fd7abd3fe00ad8af18374d372877a5b63e8d972a
240,241,Patrick DiMarco,BUF,28,FB/rb,16,9,2,-2,0,0,-1.0,-0.1,0,91fa44b7cd9f70b376305175700eb5fc015e64f1
241,242,Jalston Fowler,TEN,27,fb,10,1,2,4,1,3,2.0,0.4,0,62ef46790bd46e247a3f43c4b0f8dceb2150db57
242,243,Will Fuller,HOU,23,WR,10,10,2,9,0,5,4.5,0.9,0,3c3859b896ae94fcd1dbb12712d66c75aaf96eaa
243,244,Darrius HeywardBey,PIT,30,,16,0,2,32,1,29,16.0,2.0,0,f82794d336c9c4f837996df1fa53131f4469a116
244,245,Travis Kelce,KAN,28,TE,15,15,2,7,0,4,3.5,0.5,0,e7af17376320b84d6644a822b060439f520ed108
245,246,Marquette King,OAK,29,P,16,0,2,-14,0,-3,-7.0,-0.9,0,c312d9388a5af9ee074f699e2091c1065c48fe9a
246,247,Tavarres King,NYG,27,wr,8,3,2,3,0,11,1.5,0.4,0,5bd659efe4dd0e085428cf2aa5bce597d011ff94
247,248,Tommylee Lewis,NOR,25,,15,0,2,14,0,8,7.0,0.9,1,3608b76fe4e5d4e66b56ad430d7e68b227ffc857
248,249,Josh Malone,CIN,21,wr,11,7,2,2,0,4,1.0,0.2,0,48fb1b3c9d4bccf55e59915a26f3e87d0361395a
249,250,EJ Manuel,OAK,27,qb,2,1,2,15,0,10,7.5,7.5,0,1384dcc8d910469bf9d667126e4f920c12b77d53
250,251,Vince Mayle,BAL,26,,16,0,2,2,1,2,1.0,0.1,0,d0c4e6f90b72370586be58ea07f409ff2c591c1e
251,252,Chris Moore,BAL,24,wr,13,4,2,-9,0,-4,-4.5,-0.7,0,be1d9b63bcd221d7336ec118a19f6f94d228fa15
252,253,Niles Paul,WAS,28,te/wr,14,8,2,4,0,5,2.0,0.3,0,8654c2366111f5c5a79a926bb43429751fb14fa9
253,254,Cooper Rush,DAL,24,,2,0,2,13,0,15,6.5,6.5,0,698a664063d56ede0b06b9d9d2f670aeafd4eca1
254,255,Russell Shepard,CAR,27,wr,15,3,2,19,0,11,9.5,1.3,1,a30e9ee87847c038c60f599fe9345c894252b0ea
255,256,CJ Spiller,KAN,30,,1,0,2,0,0,1,0.0,0.0,0,1bf63d32479a1282d2d316453da601c7bbd31662
256,257,Lawrence Thomas,NYJ,24,fb/rb,14,4,2,1,0,1,0.5,0.1,0,3cc388a69e458df4ab27f7a9567df6a95c805f80
257,258,Deonte Thompson,2TM,28,,16,10,2,-5,0,0,-2.5,-0.3,1,01418e0c289f225de678c0076bbefb34f1699cae
258,259,Scott Tolzien,IND,30,qb,1,1,2,2,0,3,1.0,2.0,1,7823ba8ba6351342c503be1c7b9f2d7bc4884a80
259,260,Delanie Walker,TEN,33,TE,16,11,2,-2,1,1,-1.0,-0.1,2,7346c1e3b4bd4b9ca48a47618f78653212cdefe4
260,261,Chad Williams,ARI,23,wr,6,1,2,33,0,33,16.5,5.5,0,737a71dd04a8c674e1a273b40d9dac215683f39f
261,262,Maxx Williams,BAL,23,te/wr,11,8,2,6,0,4,3.0,0.5,1,5660197a9009ae5869b6f92547c471d515e501e9
262,263,Terrance Williams,DAL,28,WR,16,14,2,15,0,9,7.5,0.9,0,b1af72c4a4eb9e8b25b677a80b63d8b2ea2fd29e
263,264,Robert Woods,LAR,25,WR,12,11,2,12,0,8,6.0,1.0,1,7cbb9a8fdab332cb4eb41da4f930387a2a77ed46
264,265,Nelson Agholor,PHI,24,WR,16,10,1,7,0,7,7.0,0.4,0,bd47f224bd41f3836dd7023d90cd70b6c9085bc8
265,266,Odell Beckham,NYG,25,wr,4,2,1,8,0,8,8.0,2.0,0,563b57d50be2c840952c3211d8052aadd054e303
266,267,Josh Bellamy,CHI,28,wr,15,7,1,6,0,6,6.0,0.4,0,f2f3d790cc4055b4d6c127a69becc9bc0c4b63f3
267,268,Nat Berhe,NYG,26,,15,0,1,2,0,2,2.0,0.1,0,db98c50403c90ba1d5ffa9892920784494c59bfb
268,269,Matthew Bosher,ATL,30,P,16,0,1,0,0,0,0.0,0.0,0,0c15a023d1ba9de2e13094ca72d09e3ead4e3347
269,270,Tyler Bray,KAN,26,,1,0,1,0,0,0,0.0,0.0,1,8a0f8f1d04cb2f194070e12fddc6f860c8c2f32d
270,271,John Brown,ARI,27,wr,10,5,1,10,0,10,10.0,1.0,0,7d89f99218437b96942bf2e858babdfa1ce935d7
271,272,Dez Bryant,DAL,29,WR,16,16,1,-4,0,-4,-4.0,-0.3,1,9b2182551e212b8b4865fffe99adbe1c3c438851
272,273,Damiere Byrd,CAR,24,wr,8,3,1,12,0,12,12.0,1.5,0,45c1d2507072e1a9cc5c8d5f3d2a20f5f45f9f7b
273,274,Amari Cooper,OAK,23,WR,14,12,1,4,0,4,4.0,0.3,1,5a28f0b6b33c17ce3d4c8eddef782d022c31bec0
274,275,Pharoh Cooper,LAR,22,wr,16,1,1,6,0,6,6.0,0.4,3,eb86aa9812986b024e9f9c849ef2eef72feeb199
275,276,Austin Davis,SEA,28,,3,0,1,-1,0,-1,-1.0,-0.3,0,34dd40ca86d31855b6ccab7eb46a6ce89f619a80
276,277,Justin Davis,LAR,22,,4,0,1,1,0,1,1.0,0.3,0,9b025779c13e2cbf2a9204a5affac5f74328726e
277,278,Josh Doctson,WAS,25,WR,16,14,1,-14,0,-14,-14.0,-0.9,0,ba5f941b852377bef5ea36bba02310d275b78cef
278,279,Phillip Dorsett,NWE,24,wr,15,2,1,7,0,7,7.0,0.5,0,e3842fadc602fb1733739f8cd59dcb5ba62ebfe2
279,280,Nate Ebner,NWE,29,,9,0,1,14,0,14,14.0,1.6,1,f2fc8944d5edb286192456ceee25de7035343751
280,281,Evan Engram,NYG,23,TE,15,11,1,14,0,14,14.0,0.9,0,84000238e48bd67626e969c76dcd3515b7370926
281,282,Gerald Everett,LAR,23,te,16,2,1,13,0,13,13.0,0.8,1,fc492fa9b906a4bcad105e6cdcb4f66ac31f0200
282,283,Josh Ferguson,IND,24,,10,0,1,5,0,5,5.0,0.5,0,b19f3219abe4f87ef78bdc6f18ddada8821efce1
283,284,Kenny Golladay,DET,24,k/wr,11,5,1,9,0,9,9.0,0.8,0,00b6ba910e08f882d36090a79fa1e1e1ff4a4d60
284,285,Taylor Heinicke,HOU,24,,1,0,1,2,0,2,2.0,2.0,0,035306c24993c75f27173179f247caa54b98f4ad
285,286,Rashard Higgins,CLE,23,fb/wr,15,4,1,4,0,4,4.0,0.3,1,96f122e18a5ca2bcd120c2639107cd91987c940a
286,287,Bronson Hill,ARI,24,,2,0,1,-2,0,-2,-2.0,-1.0,0,55a67ba685592b0e5ea9d08170efe0b20b4c8acc
287,288,Josh Hill,NOR,27,TE,16,11,1,-8,0,-8,-8.0,-0.5,2,7b377db7c22c2baab6b2054a322efa656822fe49
288,289,Jacob Hollister,NWE,24,te,15,1,1,5,0,5,5.0,0.3,0,0bbfba9fa0b1d1a370a0c95c4bd14921a941f20e
289,290,Adam Humphries,TAM,24,wr,16,3,1,6,0,6,6.0,0.4,1,388e04921e1236be07119fc43838b65f24bd8459
290,291,Chris Jones,DAL,28,P,16,0,1,24,0,24,24.0,1.5,0,f82a2a1c108608aa1deb3c92840f629754d43541
291,292,Julio Jones,ATL,28,WR,16,16,1,15,0,15,15.0,0.9,0,7a15b435a9c9c66413e9205a38ced3a758d410fd
292,293,Cody Kessler,CLE,24,,3,0,1,-1,0,-1,-1.0,-0.3,0,b9ae27e6786a187259dfde91fa179381ad694f7b
293,294,John Kuhn,NOR,35,fb,2,1,1,2,0,2,2.0,1.0,0,686b1e983ea1f8f5cb8e7193bf87df557c1bd9b4
294,295,Jarvis Landry,MIA,25,WR,16,16,1,-7,0,-7,-7.0,-0.4,4,40a3b7b6b0e05ea17a2f057c324c03f52ea85207
295,296,Marqise Lee,JAX,26,WR,14,14,1,17,0,17,17.0,1.2,1,1d5bbb6745d0a1a335a3dd4bf184a4af4a256074
296,297,Wil Lutz,NOR,23,K,16,0,1,4,0,4,4.0,0.3,0,ea0099fe14cb4db4cf95e132a8df368182320ef3
297,298,Rishard Matthews,TEN,28,WR,14,11,1,-3,0,-3,-3.0,-0.2,0,2e92e893399f29f8f3b168d1ff8a1aa8954ffbe4
298,299,Darren McFadden,DAL,30,,1,0,1,-2,0,-2,-2.0,-2.0,0,f1b4b65a4e444ed64b054037a3b2f9bcc9cb1828
299,300,Isaiah McKenzie,DEN,22,,11,0,1,4,0,4,4.0,0.4,6,d197cdf948e2868ee0e79d98f062a9b61d7fca48
300,301,Braxton Miller,HOU,25,wr,11,3,1,1,0,1,1.0,0.1,0,20a7e738d78dfeec6e489c36b6bae09650025fb9
301,302,Jojo Natson,NYJ,23,,7,0,1,15,0,15,15.0,2.1,1,ccd5754cee50612f49dac4d948dd457f6cc150b2
302,303,David Njoku,CLE,21,te,16,5,1,1,0,1,1.0,0.1,0,9e7374913a92870f01ba747f9eb1ea86946b8f10
303,304,Bobby Rainey,BAL,30,,4,0,1,2,0,2,2.0,0.5,0,6bd787627f47cf7bb47ad15cb036ad78fa115e04
304,305,Kalif Raymond,2TM,23,,8,0,1,-1,0,0,-1.0,-0.1,5,cc8c020b88c01737d5cf37cd6f4c0883aab56080
305,306,Kasey Redfern,DET,26,p,1,0,1,10,0,10,10.0,10.0,1,0483bfa47d406c879a14f5c5468e4b2ea1fd84c2
306,307,John Ross,CIN,23,wr,3,1,1,12,0,12,12.0,4.0,1,fd6925ed3ac9b59e72bc90457a4f2b702b688c64
307,308,Torrey Smith,PHI,28,WR,16,14,1,-3,0,-3,-3.0,-0.2,0,3c6f53822282faae2585ec93d2ab74d100268ecc
308,309,Nate Sudfeld,PHI,24,,1,0,1,22,0,22,22.0,22.0,0,3abd1bb420c72d8128345967f3bf405beb212414
309,310,Adam Thielen,MIN,27,WR,16,16,1,11,0,11,11.0,0.7,3,a58676cbbdc85b93b5000c1055757b3140ac75ca
310,311,DeAnthony Thomas,KAN,24,wr,16,2,1,4,0,4,4.0,0.3,1,0aa77f4707ea0019cc407696b7540d4c56ce8500
311,312,Bryce Treggs,CLE,23,wr,6,1,1,6,0,6,6.0,1.0,1,6c7c21ca512e273bb8f53b2f03b40b2c94fa3d4c
312,313,Mike Wallace,BAL,31,WR,15,14,1,4,0,4,4.0,0.3,0,2b80090c710d5c4645d9a2567ffc0a551c5c776b
313,314,Eric Weems,TEN,32,,16,0,1,0,0,0,0.0,0.0,0,f704f6276dbba2f13109c4250ebed4327204ee46
314,315,Jermaine Whitehead,GNB,24,,10,0,1,7,0,7,7.0,0.7,0,7d5fc8ccbcde620b47462d3282dd498b497e9948
315,316,Kyle Williams,BUF,34,LDT/rdt,16,16,1,1,1,1,1.0,0.1,0,afbb8273163df9d274ebe6ec5c33b0284cffddfd
